FD_ID,PLAYER_FULL,NAME_KEY,PLAYER,TEAM,OPPONENT,POS,FD_GAME,SALARY,SAL,PROJECTION,FD_SD,VALUE,MINUTES,OWN_PCT,Pace Scale,Pace Scale Raw,Proj Poss,Proj PTS,Proj REB,Proj AST,Proj STL,Proj BLK,Proj TOV,Opp Def,Def Mult Mean,Def Mult Raw,WOWY Min Sample,USG
125339-84669,Luka Doncic,luka doncic,L. Doncic,LAL,SA,PG,LAL@SA,12400.0,$12400,72.8,11.49,5.87,37.0,31.83,1.03,1.03,80.22,45.46,8.4,10.24,1.65,0.63,4.94,,1.0,1.0,273.0,0.26
125339-157833,Jalen Johnson,jalen johnson,J. Johnson,ATL,NO,SF/PF,NO@ATL,10800.0,$10800,58.99,10.55,5.46,36.5,31.27,1.08,1.08,85.07,28.05,11.67,9.86,1.58,0.48,4.03,,1.0,1.0,949.0,0.24
125339-40199,Giannis Antetokounmpo,giannis antetokounmpo,G. Antetokounmpo,MIL,GS,PF,MIL@GS,10900.0,$10900,52.87,9.92,4.85,32.5,30.45,1.0,1.0,67.56,29.2,11.01,5.71,0.95,0.89,3.62,,1.0,1.0,557.0,0.27
125339-145331,Tyrese Maxey,tyrese maxey,T. Maxey,PHI,WSH,PG,WAS@PHI,10500.0,$10500,50.33,10.1,4.79,38.0,30.4,1.03,1.03,81.33,28.98,4.63,6.75,1.81,0.91,2.5,,1.0,1.0,1009.0,0.26
125339-14513,Kawhi Leonard,kawhi leonard,K. Leonard,LAC,NY,SF/PF,LAC@NY,10700.0,$10700,49.28,9.99,4.61,36.0,30.1,0.98,0.98,71.12,29.12,6.89,3.71,2.12,0.73,2.21,,1.0,1.0,683.0,0.26
125339-67026,Jaylen Brown,jaylen brown,J. Brown,BOS,DEN,SG/SF,DEN@BOS,10100.0,$10100,47.77,9.41,4.73,35.0,30.17,1.01,1.01,72.11,31.08,6.78,5.15,1.11,0.44,3.81,115.4,1.0,1.01,1048.0,0.29
125339-66108,Jamal Murray,jamal murray,J. Murray,DEN,BOS,PG/SG,DEN@BOS,9800.0,$9800,46.23,8.97,4.72,37.0,30.13,1.01,1.01,77.89,26.39,5.14,8.19,0.94,0.32,2.4,114.2,1.0,0.99,297.0,0.23
125339-157822,Scottie Barnes,scottie barnes,S. Barnes,TOR,CHA,SF/PF,TOR@CHA,9400.0,$9400,45.07,9.85,4.79,34.0,30.12,1.01,1.01,71.66,19.84,9.12,5.34,1.35,1.57,2.48,117.7,1.02,1.03,793.0,0.23
125339-145539,Deni Avdija,deni avdija,D. Avdija,POR,HOU,SF/PF,HOU@POR,10600.0,$10600,45.02,9.15,4.25,36.0,29.42,0.97,0.97,74.14,24.62,7.33,7.72,0.73,0.59,3.92,112.9,0.99,0.98,575.0,0.24
125339-9646,Kevin Durant,kevin durant,K. Durant,HOU,POR,SF/PF,HOU@POR,9300.0,$9300,44.23,9.02,4.76,36.0,30.07,0.97,0.97,71.83,29.26,5.36,4.33,0.7,0.97,2.97,116.2,1.01,1.02,419.0,0.24
125339-9644,James Harden,james harden,J. Harden,LAC,NY,PG/SG,LAC@NY,9000.0,$9000,44.22,9.13,4.91,35.0,30.24,0.98,0.98,69.37,25.72,4.71,7.89,1.19,0.29,3.43,,1.0,1.0,1026.0,0.26
125339-84682,Michael Porter Jr.,michael porter,M. Jr.,BKN,ORL,SF/PF,ORL@BKN,8900.0,$8900,43.53,8.52,4.89,34.0,28.26,0.97,0.97,66.37,28.13,7.83,3.5,0.91,0.17,2.49,112.8,0.99,0.98,754.0,0.25
125339-84690,Jalen Brunson,jalen brunson,J. Brunson,NYK,NY,PG,LAC@NY,9200.0,$9200,43.17,8.36,4.69,36.5,29.96,0.98,0.98,74.2,29.38,3.6,6.26,0.74,0.06,2.34,,1.0,1.0,522.0,0.25
125339-49111,Joel Embiid,joel embiid,J. Embiid,PHI,WSH,C,WAS@PHI,9100.0,$9100,42.68,9.19,4.69,31.5,29.82,1.03,1.03,68.56,25.1,7.57,3.68,0.7,1.33,3.09,,1.0,1.0,448.0,0.25
125339-9524,Stephen Curry,stephen curry,S. Curry,GSW,GS,PG,MIL@GS,8800.0,$8800,42.2,8.92,4.8,32.0,28.01,1.0,1.0,68.86,28.95,3.89,4.43,1.25,0.42,3.06,,1.0,1.0,836.0,0.26
125339-188414,Victor Wembanyama,victor wembanyama,V. Wembanyama,SAS,SA,PF/C,LAL@SA,10000.0,$10000,42.11,9.61,4.21,24.0,28.88,1.03,1.03,52.07,20.6,9.63,2.64,0.65,2.26,2.74,,1.0,1.0,230.0,0.23
125339-58462,Karl-Anthony Towns,karl anthony towns,K. Towns,NYK,NY,PF/C,LAC@NY,8900.0,$8900,42.02,8.69,4.72,33.5,27.91,0.98,0.98,68.88,20.99,11.94,3.12,0.85,0.63,2.4,,1.0,1.0,501.0,0.23
125339-171759,Chet Holmgren,chet holmgren,C. Holmgren,OKC,,PF/C,UTA@OKC,8200.0,$8200,41.82,9.35,5.1,31.0,28.55,1.05,1.05,69.16,21.92,9.31,1.79,0.62,2.1,2.12,,1.0,1.0,118.0,0.23
125339-80812,Lauri Markkanen,lauri markkanen,L. Markkanen,UTA,,SF/PF,UTA@OKC,8600.0,$8600,41.8,8.45,4.86,32.5,28.15,1.05,1.05,73.63,27.65,6.66,1.97,1.07,0.44,1.34,,1.0,1.0,775.0,0.24
125339-110345,Kevin Porter Jr.,kevin porter,K. Jr.,MIL,GS,PG/SG,MIL@GS,8400.0,$8400,41.52,9.68,4.94,36.0,28.42,1.0,1.0,73.22,18.24,5.59,8.04,2.33,0.33,3.46,,1.0,1.0,542.0,0.23
125339-110310,Zion Williamson,zion williamson,Z. Williamson,NOP,ATL,PF,NO@ATL,8700.0,$8700,41.51,8.99,4.77,30.0,27.89,1.08,1.08,70.54,24.9,6.42,3.93,1.29,0.67,2.86,115.6,1.01,1.01,230.0,0.23
125339-58460,Devin Booker,devin booker,D. Booker,PHX,MEM,PG/SG,PHO@MEM,8800.0,$8800,41.4,8.82,4.7,34.5,27.91,1.02,1.02,74.0,26.22,4.19,6.45,0.96,0.39,3.57,114.0,1.0,0.99,969.0,0.26
125339-171760,Jalen Williams,jalen williams,J. Williams,OKC,,SF/PF,UTA@OKC,7800.0,$7800,41.31,9.18,5.3,32.5,28.93,1.05,1.05,73.21,20.4,5.98,6.39,1.77,0.42,2.4,,1.0,1.0,112.0,0.23
125339-203764,Alex Sarr,alex sarr,A. Sarr,WAS,PHI,PF/C,WAS@PHI,7700.0,$7700,41.26,9.73,5.36,29.0,28.93,1.03,1.03,64.17,18.37,8.15,3.21,0.81,2.56,1.82,113.3,0.99,0.98,249.0,0.23
125339-49675,Derrick White,derrick white,D. White,BOS,DEN,PG/SG,DEN@BOS,8400.0,$8400,40.51,9.56,4.82,35.0,28.16,1.01,1.01,71.32,19.45,4.59,5.52,1.49,1.57,1.9,115.4,1.0,1.01,1073.0,0.23
125339-171770,Paolo Banchero,paolo banchero,P. Banchero,ORL,BKN,SF/PF,ORL@BKN,10200.0,$10200,40.44,8.59,3.96,34.0,28.66,0.97,0.97,68.91,21.26,8.32,5.08,0.64,0.72,2.51,116.0,1.01,1.01,516.0,0.24
125339-145485,LaMelo Ball,lamelo ball,L. Ball,CHA,TOR,PG,TOR@CHA,8600.0,$8600,40.28,8.78,4.68,27.5,27.63,1.01,1.01,59.13,21.06,5.08,8.25,1.15,0.22,3.36,111.8,0.98,0.97,192.0,0.23
125339-145329,Paul Reed,paul reed,P. Reed,DET,CHI,C,CHI@DET,4900.0,$4900,40.26,9.73,8.22,28.0,32.47,1.01,1.01,61.5,15.92,10.17,2.94,1.89,1.48,2.38,117.6,1.02,1.03,147.0,0.22
125339-188412,Keyonte George,keyonte george,K. George,UTA,,PG/SG,UTA@OKC,8700.0,$8700,38.63,8.5,4.44,32.0,27.27,1.05,1.05,71.76,23.17,4.11,6.95,0.92,0.27,3.44,,1.0,1.0,775.0,0.24
125339-80810,De'Aaron Fox,de aaron fox,D. Fox,SAS,SA,PG,LAL@SA,8200.0,$8200,38.57,8.69,4.7,32.0,27.83,1.03,1.03,70.58,22.05,3.96,6.0,1.42,0.33,2.48,,1.0,1.0,370.0,0.23
125339-228132,Derik Queen,derik queen,D. Queen,NOP,ATL,PF/C,NO@ATL,7000.0,$7000,38.48,9.22,5.5,30.0,29.19,1.08,1.08,69.38,16.51,8.64,4.97,1.31,1.12,3.14,115.6,1.01,1.01,183.0,0.22
125339-14528,Jimmy Butler,jimmy butler,J. Butler,GSW,GS,SF/PF,MIL@GS,8100.0,$8100,38.1,8.54,4.7,32.0,27.83,1.0,1.0,66.19,20.09,5.56,5.04,1.54,0.26,1.63,,1.0,1.0,985.0,0.22
125339-14514,Nikola Vucevic,nikola vucevic,N. Vucevic,CHI,DET,C,CHI@DET,7400.0,$7400,37.87,8.06,5.12,32.0,28.61,1.01,1.01,69.17,18.43,9.59,4.21,0.71,0.4,1.69,110.2,0.97,0.95,285.0,0.22
125339-66048,Brandon Ingram,brandon ingram,B. Ingram,TOR,CHA,SF/PF,TOR@CHA,8100.0,$8100,37.8,8.48,4.67,35.0,27.86,1.01,1.01,72.45,22.42,6.46,3.88,0.78,0.75,2.81,117.7,1.02,1.03,818.0,0.24
125339-171784,Dyson Daniels,dyson daniels,D. Daniels,ATL,NO,PG/SG,NO@ATL,7700.0,$7700,37.16,9.09,4.83,34.0,28.14,1.08,1.08,78.43,13.63,6.91,6.8,1.99,0.5,2.42,,1.0,1.0,1000.0,0.2
125339-188405,Amen Thompson,amen thompson,A. Thompson,HOU,POR,PG/SG,HOU@POR,8300.0,$8300,37.11,8.62,4.47,36.0,27.49,0.97,0.97,71.33,18.31,7.2,5.08,1.25,0.51,2.74,116.2,1.01,1.02,368.0,0.22
125339-203723,Stephon Castle,stephon castle,S. Castle,SAS,SA,PG/SG,LAL@SA,8000.0,$8000,36.52,8.76,4.57,32.0,27.54,1.03,1.03,70.36,17.36,5.4,7.7,1.39,0.27,3.85,,1.0,1.0,251.0,0.22
125339-110356,Nickeil Alexander-Walker,nickeil alexander walker,N. Alexander-Walker,ATL,NO,PG/SG,NO@ATL,6700.0,$6700,36.01,8.3,5.37,32.0,29.05,1.08,1.08,75.52,23.84,3.77,3.53,1.0,0.6,2.46,,1.0,1.0,928.0,0.24
125339-157844,Santi Aldama,santi aldama,S. Aldama,MEM,PHX,PF/C,PHO@MEM,7200.0,$7200,35.77,8.29,4.97,29.5,28.26,1.02,1.02,64.49,17.65,7.38,3.66,0.97,0.78,1.49,113.7,0.99,0.99,627.0,0.22
125339-84678,Miles Bridges,miles bridges,M. Bridges,CHA,TOR,SF/PF,TOR@CHA,7500.0,$7500,35.02,7.71,4.67,32.0,27.76,1.01,1.01,66.6,21.47,5.7,3.38,0.5,0.55,1.52,111.8,0.98,0.97,454.0,0.23
125339-55057,Jusuf Nurkic,jusuf nurkic,J. Nurkic,UTA,,C,UTA@OKC,6500.0,$6500,35.0,8.61,5.39,27.5,28.94,1.05,1.05,62.84,11.64,11.04,4.91,1.44,0.43,2.88,,1.0,1.0,648.0,0.21
125339-188408,Anthony Black,anthony black,A. Black,ORL,BKN,PG/SG,ORL@BKN,7800.0,$7800,34.82,8.62,4.46,32.0,27.32,0.97,0.97,64.68,19.49,4.2,4.23,1.35,0.78,2.43,116.0,1.01,1.01,574.0,0.23
125339-145334,Desmond Bane,desmond bane,D. Bane,ORL,BKN,SG/SF,ORL@BKN,7900.0,$7900,34.76,8.07,4.4,34.0,27.26,0.97,0.97,69.32,21.07,4.28,4.47,0.76,0.61,2.25,116.0,1.01,1.01,551.0,0.23
125339-110354,Nic Claxton,nic claxton,N. Claxton,BKN,ORL,C,ORL@BKN,6500.0,$6500,34.67,8.4,5.33,30.0,28.92,0.97,0.97,58.87,14.36,7.68,4.35,0.75,1.26,1.46,112.8,0.99,0.98,786.0,0.2
125339-228133,VJ Edgecombe,vj edgecombe,V. Edgecombe,PHI,WSH,SG/SF,WAS@PHI,7600.0,$7600,34.51,8.42,4.54,36.0,27.63,1.03,1.03,76.77,17.01,5.59,4.17,1.44,0.62,1.63,,1.0,1.0,884.0,0.21
125339-84670,Mikal Bridges,mikal bridges,M. Bridges,NYK,NY,SG/SF,LAC@NY,6800.0,$6800,34.24,8.55,5.03,35.0,28.56,0.98,0.98,71.33,15.56,4.79,4.43,1.58,0.84,0.98,,1.0,1.0,613.0,0.2
125339-203714,Donovan Clingan,donovan clingan,D. Clingan,POR,HOU,C,HOU@POR,6600.0,$6600,33.99,8.16,5.15,29.5,28.59,0.97,0.97,60.65,12.42,11.85,1.84,0.45,1.44,1.08,112.9,0.99,0.98,389.0,0.2
125339-84673,Deandre Ayton,deandre ayton,D. Ayton,LAL,SA,C,LAL@SA,6100.0,$6100,33.74,8.27,5.53,30.0,29.24,1.03,1.03,64.5,17.78,8.77,0.99,0.87,1.12,1.99,,1.0,1.0,179.0,0.22
125339-12341,Paul George,paul george,P. George,PHI,WSH,SF/PF,WAS@PHI,6800.0,$6800,33.56,8.38,4.94,32.0,28.28,1.03,1.03,68.96,16.88,6.04,3.68,1.45,0.55,2.07,,1.0,1.0,506.0,0.22
125339-68090,OG Anunoby,og anunoby,O. Anunoby,NYK,NY,SF/PF,LAC@NY,7000.0,$7000,33.48,8.85,4.78,35.0,28.09,0.98,0.98,72.67,16.03,6.35,2.42,2.0,0.79,2.17,,1.0,1.0,542.0,0.21
125339-228135,Kon Knueppel,kon knueppel,K. Knueppel,CHA,TOR,SG/SF,TOR@CHA,6900.0,$6900,33.25,7.56,4.82,33.0,28.09,1.01,1.01,69.4,21.8,5.05,3.63,0.61,0.23,2.57,111.8,0.98,0.97,399.0,0.23
125339-145307,Isaiah Stewart,isaiah stewart,I. Stewart,DET,CHI,PF/C,CHI@DET,6000.0,$6000,33.08,8.86,5.51,30.0,29.21,1.01,1.01,63.68,14.98,7.48,1.43,0.32,2.62,1.83,117.6,1.02,1.03,113.0,0.22
125339-110357,RJ Barrett,rj barrett,R. Barrett,TOR,CHA,SG/SF,TOR@CHA,6700.0,$6700,32.69,7.56,4.88,30.0,28.11,1.01,1.01,64.2,19.94,5.07,3.63,0.83,0.19,1.84,117.7,1.02,1.03,369.0,0.23
125339-171772,Ryan Rollins,ryan rollins,R. Rollins,MIL,GS,PG/SG,MIL@GS,7200.0,$7200,32.61,8.33,4.53,32.0,27.46,1.0,1.0,65.72,15.89,4.49,5.37,1.51,0.36,2.36,,1.0,1.0,1001.0,0.23
125339-171804,Shaedon Sharpe,shaedon sharpe,S. Sharpe,POR,HOU,PG/SG,HOU@POR,7300.0,$7300,32.44,8.18,4.44,31.0,27.24,0.97,0.97,64.96,21.63,4.33,2.63,1.51,0.13,3.27,112.9,0.99,0.98,448.0,0.25
125339-145335,Payton Pritchard,payton pritchard,P. Pritchard,BOS,DEN,PG/SG,DEN@BOS,6900.0,$6900,32.41,7.45,4.7,34.0,27.88,1.01,1.01,69.68,16.94,4.69,5.51,0.86,0.08,1.24,115.4,1.0,1.01,1057.0,0.21
125339-203808,Ajay Mitchell,ajay mitchell,A. Mitchell,OKC,,PG/SG,UTA@OKC,5300.0,$5300,32.4,8.44,6.11,30.0,30.47,1.05,1.05,67.71,15.67,4.33,4.46,1.83,0.4,1.84,,1.0,1.0,142.0,0.22
125339-145348,Immanuel Quickley,immanuel quickley,I. Quickley,TOR,CHA,PG/SG,TOR@CHA,6700.0,$6700,31.8,7.69,4.75,32.0,27.91,1.01,1.01,66.81,15.65,4.02,6.42,1.02,0.12,1.73,117.7,1.02,1.03,698.0,0.22
125339-171668,Collin Gillespie,collin gillespie,C. Gillespie,PHX,MEM,PG/SG,PHO@MEM,6700.0,$6700,31.71,8.17,4.73,29.5,27.8,1.02,1.02,63.47,14.92,4.27,5.31,1.55,0.32,1.89,114.0,1.0,0.99,847.0,0.21
125339-60233,Dillon Brooks,dillon brooks,D. Brooks,PHX,MEM,SG/SF,PHO@MEM,5800.0,$5800,31.63,7.71,5.45,32.5,29.31,1.02,1.02,69.54,22.87,3.35,1.77,1.33,0.07,2.14,114.0,1.0,0.99,801.0,0.24
125339-171767,Jabari Smith,jabari smith,J. Smith,HOU,POR,PF/C,HOU@POR,6100.0,$6100,31.19,7.4,5.11,35.0,28.69,0.97,0.97,68.44,16.54,7.41,2.47,0.52,0.61,1.32,116.2,1.01,1.02,389.0,0.21
125339-188416,Bilal Coulibaly,bilal coulibaly,B. Coulibaly,WAS,PHI,SF/PF,WAS@PHI,5500.0,$5500,31.18,8.89,5.67,31.0,29.77,1.03,1.03,68.11,12.23,6.16,2.9,1.86,1.21,2.0,113.3,0.99,0.98,218.0,0.22
125339-203761,Matas Buzelis,matas buzelis,M. Buzelis,CHI,DET,SF/PF,CHI@DET,6400.0,$6400,30.81,8.21,4.81,29.0,27.94,1.01,1.01,63.11,16.52,5.9,1.87,0.8,1.36,2.09,110.2,0.97,0.95,217.0,0.22
125339-171757,Jake LaRavia,jake laravia,J. LaRavia,LAL,SA,SF/PF,LAL@SA,6000.0,$6000,30.16,8.18,5.03,34.0,28.51,1.03,1.03,73.64,13.34,5.9,2.77,1.75,0.55,1.33,,1.0,1.0,311.0,0.2
125339-188426,Ausar Thompson,ausar thompson,A. Thompson,DET,CHI,SG/SF,CHI@DET,5500.0,$5500,30.04,8.32,5.46,27.0,29.35,1.01,1.01,56.75,13.16,6.05,2.85,1.6,0.78,1.77,117.6,1.02,1.03,51.0,0.22
125339-171769,Tari Eason,tari eason,T. Eason,HOU,POR,SF/PF,HOU@POR,6000.0,$6000,29.5,7.93,4.92,28.5,28.13,0.97,0.97,57.39,14.61,6.78,1.8,1.28,0.66,1.78,116.2,1.01,1.02,200.0,0.22
125339-171786,Mark Williams,mark williams,M. Williams,PHX,MEM,C,PHO@MEM,5600.0,$5600,29.08,7.78,5.19,23.0,28.71,1.02,1.02,49.88,12.79,8.09,1.11,1.14,0.84,1.02,114.0,1.0,0.99,631.0,0.21
125339-84676,Wendell Carter Jr.,wendell carter,W. Jr.,ORL,BKN,C,ORL@BKN,5800.0,$5800,29.07,7.11,5.01,30.0,28.48,0.97,0.97,59.47,13.68,7.75,2.49,0.68,0.37,0.82,116.0,1.01,1.01,462.0,0.21
125339-63122,Kristaps Porzingis,kristaps porzingis,K. Porzingis,ATL,NO,PF/C,NO@ATL,5500.0,$5500,28.98,7.5,5.27,20.0,28.81,1.08,1.08,46.31,15.81,4.67,2.45,0.41,1.17,0.86,,1.0,1.0,300.0,0.23
125339-145323,Tre Jones,tre jones,T. Jones,CHI,DET,PG/SG,CHI@DET,6000.0,$6000,28.95,7.61,4.82,27.0,27.9,1.01,1.01,59.85,13.75,2.76,5.79,1.3,0.19,1.28,110.2,0.97,0.95,238.0,0.21
125339-171761,Peyton Watson,peyton watson,P. Watson,DEN,BOS,SF/PF,DEN@BOS,6800.0,$6800,28.87,8.03,4.25,33.0,26.87,1.01,1.01,69.37,15.0,5.3,1.85,1.1,1.07,1.76,114.2,1.0,0.99,255.0,0.22
125339-84667,Collin Sexton,collin sexton,C. Sexton,CHA,TOR,PG/SG,TOR@CHA,5400.0,$5400,28.79,7.38,5.33,26.0,29.16,1.01,1.01,54.16,18.49,2.24,4.67,0.82,0.21,2.51,111.8,0.98,0.97,289.0,0.23
125339-171780,Jaden Ivey,jaden ivey,J. Ivey,DET,CHI,PG/SG,CHI@DET,4000.0,$4000,28.76,7.6,7.19,28.0,32.32,1.01,1.01,60.56,16.13,3.81,3.22,1.03,0.56,1.54,117.6,1.02,1.03,84.0,0.22
125339-171765,Moussa Diabate,moussa diabate,M. Diabate,CHA,TOR,C,TOR@CHA,5900.0,$5900,28.6,7.66,4.85,26.0,27.97,1.01,1.01,53.57,10.37,9.32,1.59,0.87,0.98,0.9,111.8,0.98,0.97,477.0,0.19
125339-172098,Julian Champagnie,julian champagnie,J. Champagnie,SAS,SA,SG/SF,LAL@SA,5400.0,$5400,27.95,7.42,5.18,32.0,29.07,1.03,1.03,69.87,13.4,6.94,1.72,1.12,0.47,1.11,,1.0,1.0,428.0,0.2
125339-157811,Neemias Queta,neemias queta,N. Queta,BOS,DEN,C,DEN@BOS,5400.0,$5400,27.76,7.79,5.14,25.0,28.8,1.01,1.01,50.64,10.16,8.15,1.49,0.81,1.33,0.85,115.4,1.0,1.01,759.0,0.19
125339-158137,Jock Landale,jock landale,J. Landale,MEM,PHX,C,PHO@MEM,4800.0,$4800,27.74,7.0,5.78,23.0,30.15,1.02,1.02,49.92,14.89,6.67,1.9,0.52,0.52,1.12,113.7,0.99,0.99,453.0,0.22
125339-203812,Daniss Jenkins,daniss jenkins,D. Jenkins,DET,CHI,PG,CHI@DET,4600.0,$4600,27.25,7.53,5.92,24.5,30.52,1.01,1.01,53.17,14.56,2.51,4.97,1.26,0.18,2.07,117.6,1.02,1.03,161.0,0.22
125339-84704,Kevin Huerter,kevin huerter,K. Huerter,CHI,DET,SG/SF,CHI@DET,5800.0,$5800,26.86,7.46,4.63,27.0,27.62,1.01,1.01,59.67,13.93,4.45,2.72,0.93,0.7,1.4,110.2,0.97,0.95,205.0,0.22
125339-110322,Jordan Poole,jordan poole,J. Poole,NOP,ATL,PG/SG,NO@ATL,5800.0,$5800,26.82,7.15,4.62,26.0,27.56,1.08,1.08,60.66,17.24,2.08,3.58,0.68,0.49,1.79,115.6,1.01,1.01,166.0,0.22
125339-158855,Justin Champagnie,justin champagnie,J. Champagnie,WAS,PHI,SF/PF,WAS@PHI,5000.0,$5000,26.76,7.56,5.35,24.0,29.38,1.03,1.03,52.35,9.88,8.14,1.24,1.05,0.9,0.63,113.3,0.99,0.98,242.0,0.21
125339-110344,Ja Morant,ja morant,J. Morant,MEM,PHX,PG,PHO@MEM,7800.0,$7800,26.69,7.15,3.42,20.0,24.08,1.02,1.02,45.52,15.25,2.32,5.78,0.73,0.14,2.6,113.7,0.99,0.99,,0.22
125339-157826,Quentin Grimes,quentin grimes,Q. Grimes,PHI,WSH,SG/SF,WAS@PHI,5900.0,$5900,26.66,7.48,4.52,31.0,27.46,1.03,1.03,67.03,13.29,3.95,3.92,1.02,0.53,1.9,,1.0,1.0,817.0,0.2
125339-110347,Keldon Johnson,keldon johnson,K. Johnson,SAS,SA,SF/PF,LAL@SA,5300.0,$5300,26.2,6.63,4.94,24.0,28.45,1.03,1.03,52.44,14.31,6.91,1.38,0.73,0.11,0.98,,1.0,1.0,432.0,0.21
125339-188431,Noah Clowney,noah clowney,N. Clowney,BKN,ORL,PF,ORL@BKN,5300.0,$5300,26.18,7.41,4.94,30.0,28.64,0.97,0.97,58.86,15.67,3.98,1.98,0.77,0.82,1.99,112.8,0.99,0.98,834.0,0.22
125339-41594,Aaron Gordon,aaron gordon,A. Gordon,DEN,BOS,PF,DEN@BOS,6200.0,$6200,26.12,6.66,4.21,24.0,26.42,1.01,1.01,51.09,16.89,5.31,1.2,0.62,0.2,1.39,114.2,1.0,0.99,56.0,0.22
125339-228131,Jeremiah Fears,jeremiah fears,J. Fears,NOP,ATL,PG/SG,NO@ATL,5500.0,$5500,26.12,7.49,4.75,26.0,28.01,1.08,1.08,59.66,15.05,3.75,3.11,1.25,0.24,2.58,115.6,1.01,1.01,304.0,0.23
125339-15860,Draymond Green,draymond green,D. Green,GSW,GS,PF/C,MIL@GS,5700.0,$5700,26.02,7.8,4.57,27.0,27.53,1.0,1.0,57.2,8.56,5.98,5.48,0.92,0.75,2.94,,1.0,1.0,771.0,0.2
125339-203776,Jaylen Wells,jaylen wells,J. Wells,MEM,PHX,SG/SF,PHO@MEM,5000.0,$5000,25.97,6.99,5.19,31.5,29.33,1.02,1.02,68.05,15.41,3.89,2.35,1.13,0.09,1.28,113.7,0.99,0.99,429.0,0.21
125339-157846,Sandro Mamukelashvili,sandro mamukelashvili,S. Mamukelashvili,TOR,CHA,C,TOR@CHA,5500.0,$5500,25.74,7.15,4.68,24.0,27.79,1.01,1.01,50.98,12.07,5.81,2.14,0.77,0.71,0.96,117.7,1.02,1.03,730.0,0.21
125339-228122,Collin Murray-Boyles,collin murray boyles,C. Murray-Boyles,TOR,CHA,PF/C,TOR@CHA,5600.0,$5600,25.51,7.54,4.56,27.0,27.57,1.01,1.01,55.97,10.65,6.13,2.28,1.08,0.79,1.53,117.7,1.02,1.03,504.0,0.2
125339-58253,Myles Turner,myles turner,M. Turner,MIL,GS,C,MIL@GS,5600.0,$5600,25.34,7.69,4.52,28.0,27.54,1.0,1.0,58.19,10.97,5.22,1.44,0.69,1.59,0.9,,1.0,1.0,938.0,0.2
125339-41083,Luke Kornet,luke kornet,L. Kornet,SAS,SA,C,LAL@SA,5400.0,$5400,25.27,7.24,4.68,24.0,27.85,1.03,1.03,53.03,9.69,6.49,2.13,0.29,1.41,0.51,,1.0,1.0,239.0,0.2
125339-42156,Bobby Portis,bobby portis,B. Portis,MIL,GS,PF/C,MIL@GS,5500.0,$5500,25.11,6.55,4.57,25.0,27.58,1.0,1.0,51.32,13.54,6.91,1.39,0.62,0.16,1.16,,1.0,1.0,674.0,0.22
125339-203713,Reed Sheppard,reed sheppard,R. Sheppard,HOU,POR,PG/SG,HOU@POR,5300.0,$5300,24.98,7.55,4.71,24.0,27.98,0.97,0.97,48.46,12.4,2.72,3.21,1.4,0.56,1.35,116.2,1.01,1.02,321.0,0.22
125339-66236,John Collins,john collins,J. Collins,LAC,NY,PF/C,LAC@NY,5900.0,$5900,24.83,7.32,4.21,29.0,26.68,0.98,0.98,57.38,13.45,5.07,0.88,0.93,0.86,1.42,,1.0,1.0,752.0,0.2
125339-228109,Egor Demin,egor demin,E. Demin,BKN,ORL,PG/SG,ORL@BKN,5200.0,$5200,24.64,7.22,4.74,28.0,28.24,0.97,0.97,55.54,12.4,3.51,4.02,1.01,0.35,2.09,112.8,0.99,0.98,684.0,0.21
125339-228118,Tre Johnson,tre johnson,T. Johnson,WAS,PHI,PG/SG,WAS@PHI,4900.0,$4900,24.36,6.9,4.97,28.0,28.88,1.03,1.03,62.93,15.31,3.44,2.08,0.76,0.42,1.76,113.3,0.99,0.98,316.0,0.22
125339-23169,Steven Adams,steven adams,S. Adams,HOU,POR,C,HOU@POR,4600.0,$4600,24.25,7.06,5.27,25.5,29.52,0.97,0.97,50.9,7.4,9.44,1.78,0.77,0.61,1.31,116.2,1.01,1.02,268.0,0.21
125339-160174,Jordan Goodwin,jordan goodwin,J. Goodwin,PHX,MEM,SG,PHO@MEM,4600.0,$4600,24.18,7.32,5.26,24.0,29.45,1.02,1.02,50.5,10.32,5.22,2.42,1.6,0.16,1.3,114.0,1.0,0.99,556.0,0.21
125339-157839,Day'Ron Sharpe,day ron sharpe,D. Sharpe,BKN,ORL,C,ORL@BKN,5500.0,$5500,24.08,7.36,4.38,20.0,26.96,0.97,0.97,39.56,8.92,6.44,2.78,1.13,0.54,1.74,112.8,0.99,0.98,412.0,0.21
125339-203721,Bub Carrington,bub carrington,B. Carrington,WAS,PHI,PG,WAS@PHI,4400.0,$4400,23.98,6.87,5.45,30.0,30.07,1.03,1.03,66.71,10.77,4.71,5.15,0.54,0.26,2.58,113.3,0.99,0.98,401.0,0.21
125339-228126,Dylan Harper,dylan harper,D. Harper,SAS,SA,PG/SG,LAL@SA,5500.0,$5500,23.71,7.03,4.31,22.0,26.87,1.03,1.03,47.65,11.67,3.35,3.75,1.11,0.21,1.54,,1.0,1.0,262.0,0.23
,Colby Jones,colby jones,C. Jones,DET,CHI,,,,,23.67,5.74,0.0,15.75,13.25,1.01,1.01,34.92,5.15,9.32,4.88,0.0,0.0,0.0,117.6,1.02,1.03,,0.22
125339-203726,Isaiah Collier,isaiah collier,I. Collier,UTA,,PG,UTA@OKC,5800.0,$5800,23.57,7.24,4.06,24.0,26.17,1.05,1.05,54.16,8.61,2.79,7.13,0.78,0.4,2.62,,1.0,1.0,350.0,0.21
125339-23670,Marcus Smart,marcus smart,M. Smart,LAL,SA,SG/SF,LAL@SA,5000.0,$5000,23.57,7.54,4.71,29.0,28.34,1.03,1.03,62.73,11.18,3.0,3.49,1.47,0.43,2.13,,1.0,1.0,207.0,0.21
125339-84709,Mitchell Robinson,mitchell robinson,M. Robinson,NYK,NY,C,LAC@NY,4200.0,$4200,23.49,7.41,5.59,20.0,30.14,0.98,0.98,40.48,5.01,9.33,1.29,0.88,1.16,0.78,,1.0,1.0,219.0,0.2
125339-188447,Toumani Camara,toumani camara,T. Camara,POR,HOU,SF/PF,HOU@POR,5900.0,$5900,23.4,6.97,3.97,32.0,26.22,0.97,0.97,65.77,11.96,4.89,2.47,0.91,0.38,1.99,112.9,0.99,0.98,526.0,0.2
125339-18338,Royce O'Neale,royce o neale,R. O'Neale,PHX,MEM,SF/PF,PHO@MEM,5300.0,$5300,22.96,7.01,4.33,28.0,27.29,1.02,1.02,60.57,10.07,4.85,2.64,1.22,0.29,1.41,114.0,1.0,0.99,919.0,0.19
125339-84711,Grayson Allen,grayson allen,G. Allen,PHX,MEM,SG/SF,PHO@MEM,5600.0,$5600,22.11,6.94,3.95,23.0,25.95,1.02,1.02,49.0,11.52,2.16,3.27,1.34,0.14,1.34,114.0,1.0,0.99,482.0,0.22
125339-188415,Cason Wallace,cason wallace,C. Wallace,OKC,,PG/SG,UTA@OKC,4000.0,$4000,21.81,7.51,5.45,26.0,30.21,1.05,1.05,58.33,8.22,3.23,2.33,2.13,0.23,0.83,,1.0,1.0,77.0,0.21
125339-84708,Robert Williams,robert williams,R. Williams,POR,HOU,C,HOU@POR,4300.0,$4300,21.8,7.03,5.07,17.0,29.06,0.97,0.97,34.54,6.89,7.03,0.88,0.71,1.16,0.44,112.9,0.99,0.98,186.0,0.21
125339-84703,De'Anthony Melton,de anthony melton,D. Melton,GSW,GS,PG/SG,MIL@GS,4300.0,$4300,21.62,7.84,5.03,23.0,29.18,1.0,1.0,47.43,8.55,2.89,2.17,2.0,0.67,1.64,,1.0,1.0,233.0,0.22
125339-188433,Brandin Podziemski,brandin podziemski,B. Podziemski,GSW,GS,PG/SG,MIL@GS,5500.0,$5500,21.59,6.5,3.92,24.0,25.99,1.0,1.0,50.66,10.59,3.93,2.88,0.9,0.15,1.21,,1.0,1.0,949.0,0.2
125339-203777,Cam Spencer,cam spencer,C. Spencer,MEM,PHX,PG/SG,PHO@MEM,6300.0,$6300,21.16,6.18,3.36,18.72,23.82,1.02,1.02,40.32,11.17,2.01,4.57,0.61,0.04,1.24,113.7,0.99,0.99,584.0,0.21
125339-157824,Miles McBride,miles mcbride,M. McBride,NYK,NY,PG/SG,LAC@NY,4700.0,$4700,21.08,6.18,4.48,26.5,27.94,0.98,0.98,54.23,12.52,2.61,2.42,0.67,0.2,0.83,,1.0,1.0,303.0,0.21
125339-84717,Anfernee Simons,anfernee simons,A. Simons,BOS,DEN,PG/SG,DEN@BOS,4700.0,$4700,20.97,5.93,4.46,24.0,27.79,1.01,1.01,49.21,13.79,2.36,2.42,0.48,0.11,1.03,115.4,1.0,1.01,755.0,0.22
125339-145540,Vit Krejci,vit krejci,V. Krejci,ATL,NO,SG/SF,NO@ATL,4300.0,$4300,20.94,6.44,4.87,25.0,28.94,1.08,1.08,57.37,12.44,2.49,1.82,0.93,0.3,0.9,,1.0,1.0,672.0,0.19
125339-203767,Zaccharie Risacher,zaccharie risacher,Z. Risacher,ATL,NO,SF/PF,NO@ATL,4300.0,$4300,20.89,6.63,4.86,23.0,28.85,1.08,1.08,54.54,11.37,3.18,1.56,0.9,0.53,0.93,,1.0,1.0,657.0,0.21
125339-84721,Jarred Vanderbilt,jarred vanderbilt,J. Vanderbilt,LAL,SA,PF/C,LAL@SA,4000.0,$4000,20.53,6.87,5.13,23.0,29.56,1.03,1.03,49.17,6.83,6.77,1.87,1.05,0.44,1.69,,1.0,1.0,179.0,0.21
125339-157849,Ayo Dosunmu,ayo dosunmu,A. Dosunmu,CHI,DET,SG,CHI@DET,5700.0,$5700,20.48,5.95,3.59,20.71,24.8,1.01,1.01,45.0,12.07,2.33,3.09,0.46,0.17,0.92,110.2,0.97,0.95,220.0,0.22
125339-157807,Luka Garza,luka garza,L. Garza,BOS,DEN,C,DEN@BOS,4500.0,$4500,20.47,6.34,4.55,20.0,27.95,1.01,1.01,41.47,9.19,5.3,1.24,0.54,0.66,0.54,115.4,1.0,1.01,383.0,0.2
125339-228180,Caleb Love,caleb love,C. Love,POR,HOU,PG/SG,HOU@POR,5100.0,$5100,20.17,5.98,3.95,25.18,26.36,0.97,0.97,52.63,12.14,2.9,2.57,0.53,0.12,1.24,112.9,0.99,0.98,379.0,0.22
125339-228119,Ace Bailey,ace bailey,A. Bailey,UTA,,SG/SF,UTA@OKC,4600.0,$4600,20.08,6.45,4.36,25.0,27.66,1.05,1.05,56.6,10.73,3.7,1.72,0.8,0.4,1.29,,1.0,1.0,462.0,0.21
125339-85137,Duncan Robinson,duncan robinson,D. Robinson,DET,CHI,SG/SF,CHI@DET,4000.0,$4000,20.03,6.09,5.01,25.0,29.39,1.01,1.01,53.51,11.66,2.72,1.84,0.7,0.26,0.55,117.6,1.02,1.03,131.0,0.21
125339-23798,Caris LeVert,caris levert,C. LeVert,DET,CHI,SG/SF,CHI@DET,3800.0,$3800,19.94,6.66,5.25,19.0,29.76,1.01,1.01,40.66,10.56,1.77,3.07,0.81,0.55,1.42,117.6,1.02,1.03,153.0,0.22
125339-110359,Goga Bitadze,goga bitadze,G. Bitadze,ORL,BKN,C,ORL@BKN,4000.0,$4000,19.83,6.99,4.96,18.0,29.05,0.97,0.97,37.43,6.07,5.15,1.45,0.71,1.28,0.57,116.0,1.01,1.01,236.0,0.2
125339-23802,Kris Dunn,kris dunn,K. Dunn,LAC,NY,PG/SG,LAC@NY,4600.0,$4600,19.7,6.78,4.28,27.0,27.56,0.98,0.98,53.24,8.21,2.84,3.07,1.42,0.17,1.28,,1.0,1.0,815.0,0.18
125339-84679,Marvin Bagley III,marvin bagley,M. III,WAS,PHI,C,WAS@PHI,4800.0,$4800,19.67,6.28,4.1,18.0,26.59,1.03,1.03,39.25,9.73,4.77,1.35,0.45,0.64,1.1,113.3,0.99,0.98,288.0,0.21
125339-157802,Moses Moody,moses moody,M. Moody,GSW,GS,SG/SF,MIL@GS,4300.0,$4300,19.6,6.64,4.56,23.0,28.21,1.0,1.0,49.09,9.87,3.1,1.49,0.93,0.65,0.95,,1.0,1.0,791.0,0.2
125339-157829,Aaron Wiggins,aaron wiggins,A. Wiggins,OKC,,SF/PF,UTA@OKC,4200.0,$4200,19.12,6.35,4.55,22.0,28.21,1.05,1.05,49.0,10.32,3.01,1.68,0.66,0.58,1.06,,1.0,1.0,104.0,0.22
125339-9621,Brook Lopez,brook lopez,B. Lopez,LAC,NY,C,LAC@NY,3900.0,$3900,18.83,6.85,4.83,22.61,29.01,0.98,0.98,44.08,8.62,3.28,1.23,0.54,1.31,1.12,,1.0,1.0,343.0,0.21
125339-110315,Terance Mann,terance mann,T. Mann,BKN,ORL,SG/SF,ORL@BKN,4200.0,$4200,18.49,6.1,4.4,24.0,27.95,0.97,0.97,47.34,7.48,3.11,3.62,0.66,0.29,0.98,112.8,0.99,0.98,674.0,0.19
125339-15946,Harrison Barnes,harrison barnes,H. Barnes,SAS,SA,SF/PF,LAL@SA,4400.0,$4400,18.11,5.91,4.12,26.0,27.23,1.03,1.03,56.16,9.78,3.27,1.84,0.77,0.11,0.99,,1.0,1.0,274.0,0.21
125339-111273,Luguentz Dort,luguentz dort,L. Dort,OKC,,SG/SF,UTA@OKC,4000.0,$4000,18.02,6.4,4.51,27.0,28.43,1.05,1.05,60.06,8.45,3.64,0.99,0.83,0.66,0.74,,1.0,1.0,20.0,0.22
125339-203716,Tristan Da Silva,tristan da silva,T. Silva,ORL,BKN,SF/PF,ORL@BKN,4000.0,$4000,17.86,5.91,4.46,24.0,28.22,0.97,0.97,49.22,10.24,3.53,1.0,0.78,0.18,1.0,116.0,1.01,1.01,295.0,0.21
125339-58377,Kyle Kuzma,kyle kuzma,K. Kuzma,MIL,GS,SF/PF,MIL@GS,4700.0,$4700,17.77,6.03,3.78,21.0,25.95,1.0,1.0,43.53,8.97,3.89,1.81,0.56,0.38,1.38,,1.0,1.0,764.0,0.21
125339-188413,Brice Sensabaugh,brice sensabaugh,B. Sensabaugh,UTA,,SG/SF,UTA@OKC,4800.0,$4800,17.56,6.01,3.66,20.0,25.49,1.05,1.05,45.23,10.18,2.99,1.61,0.76,0.18,1.47,,1.0,1.0,400.0,0.22
125339-145341,Isaac Okoro,isaac okoro,I. Okoro,CHI,DET,SF,CHI@DET,3900.0,$3900,17.52,6.01,4.49,25.5,28.4,1.01,1.01,54.86,9.62,2.56,1.49,0.55,0.57,0.78,110.2,0.97,0.95,168.0,0.21
125339-15846,Tim Hardaway Jr.,tim hardaway,T. Jr.,DEN,BOS,SG/SF,DEN@BOS,4200.0,$4200,17.46,5.03,4.16,26.0,27.45,1.01,1.01,54.14,12.07,2.15,1.48,0.29,0.0,0.29,114.2,1.0,0.99,268.0,0.21
125339-66046,Luke Kennard,luke kennard,L. Kennard,ATL,NO,PG/SG,NO@ATL,4100.0,$4100,17.4,5.88,4.24,21.5,27.53,1.08,1.08,49.49,8.83,2.29,2.73,0.85,0.05,0.98,,1.0,1.0,535.0,0.19
125339-207562,Spencer Jones,spencer jones,S. Jones,DEN,BOS,SF/PF,DEN@BOS,5000.0,$5000,17.38,6.41,3.48,25.79,25.13,1.01,1.01,53.72,7.87,3.18,1.2,1.1,0.47,0.82,114.2,1.0,0.99,221.0,0.2
125339-203798,Jamal Shead,jamal shead,J. Shead,TOR,CHA,PG/SG,TOR@CHA,4000.0,$4000,17.36,6.17,4.34,18.5,27.7,1.01,1.01,39.09,6.32,1.65,4.86,0.89,0.11,1.24,117.7,1.02,1.03,592.0,0.2
125339-171744,Christian Braun,christian braun,C. Braun,DEN,BOS,SG/SF,DEN@BOS,4500.0,$4500,17.27,5.84,3.84,24.0,26.36,1.01,1.01,50.57,8.24,3.42,2.19,0.6,0.26,0.93,114.2,1.0,0.99,27.0,0.22
125339-228128,Jase Richardson,jase richardson,J. Richardson,ORL,BKN,SG,ORL@BKN,3800.0,$3800,16.75,5.5,4.41,20.0,28.04,0.97,0.97,40.66,9.84,2.3,2.35,0.49,0.08,1.08,116.0,1.01,1.01,235.0,0.21
125339-55059,Clint Capela,clint capela,C. Capela,HOU,POR,C,HOU@POR,4400.0,$4400,16.66,6.31,3.79,15.0,25.85,0.97,0.97,29.73,4.49,5.97,0.66,0.7,0.84,0.59,116.2,1.01,1.02,184.0,0.21
125339-20640,Jordan Clarkson,jordan clarkson,J. Clarkson,NYK,NY,PG/SG,LAC@NY,3900.0,$3900,16.25,5.42,4.17,22.0,27.48,0.98,0.98,45.38,11.32,1.9,1.39,0.45,0.14,1.22,,1.0,1.0,361.0,0.22
125339-158854,Sam Hauser,sam hauser,S. Hauser,BOS,DEN,SF/PF,DEN@BOS,3900.0,$3900,15.93,5.55,4.09,22.0,27.28,1.01,1.01,46.0,7.64,3.63,1.21,0.55,0.33,0.51,115.4,1.0,1.01,692.0,0.19
125339-228111,Danny Wolf,danny wolf,D. Wolf,BKN,ORL,SF/PF,ORL@BKN,4500.0,$4500,15.72,5.57,3.49,20.0,25.19,0.97,0.97,39.76,7.63,3.7,1.99,0.53,0.15,1.36,112.8,0.99,0.98,242.0,0.21
125339-84694,Bruce Brown Jr.,bruce brown,B. Jr.,DEN,BOS,SG/SF,DEN@BOS,4700.0,$4700,14.39,5.63,3.06,19.0,23.68,1.01,1.01,39.82,5.83,3.4,1.6,0.82,0.17,0.89,114.2,1.0,0.99,305.0,0.21
125339-145328,Saddiq Bey,saddiq bey,S. Bey,NOP,ATL,SF/PF,NO@ATL,6200.0,$6200,14.16,4.93,2.28,13.89,19.92,1.08,1.08,32.36,7.65,2.95,1.17,0.49,0.03,0.32,115.6,1.01,1.01,,0.22
125339-188456,Rayan Rupert,rayan rupert,R. Rupert,POR,HOU,SG,HOU@POR,3700.0,$3700,13.78,5.3,3.72,25.0,26.58,0.97,0.97,51.9,5.49,3.9,1.35,0.62,0.16,0.74,112.9,0.99,0.98,173.0,0.21
125339-213259,Tolu Smith,tolu smith,T. Smith,DET,CHI,PF,CHI@DET,3500.0,$3500,13.64,5.1,3.9,8.71,26.39,1.01,1.01,18.65,5.83,4.18,1.03,0.32,0.32,0.64,117.6,1.02,1.03,15.0,0.22
125339-9453,Al Horford,al horford,A. Horford,GSW,GS,C,MIL@GS,3900.0,$3900,13.55,5.81,3.47,14.0,25.18,1.0,1.0,29.97,4.76,3.2,1.11,0.63,0.69,0.69,,1.0,1.0,331.0,0.21
125339-203795,Quinten Post,quinten post,Q. Post,GSW,GS,C,MIL@GS,4200.0,$4200,13.54,5.27,3.22,14.0,24.22,1.0,1.0,29.39,6.25,3.15,1.09,0.44,0.38,0.62,,1.0,1.0,623.0,0.21
125339-188446,Sidy Cissoko,sidy cissoko,S. Cissoko,POR,HOU,SG/SF,HOU@POR,4000.0,$4000,13.37,5.55,3.34,22.69,25.18,0.97,0.97,46.86,6.15,2.32,1.79,0.68,0.29,1.18,112.9,0.99,0.98,317.0,0.2
,A.J. Green,a j green,A. Green,MIL,GS,,,4000.0,$4000,13.23,5.06,3.31,24.0,25.14,1.0,1.0,49.08,6.86,2.2,1.62,0.59,0.08,0.69,,1.0,1.0,891.0,0.18
125339-84671,Trae Young,trae young,T. Young,ATL,NO,PG,NO@ATL,8500.0,$8500,12.78,4.88,1.5,9.09,16.73,1.08,1.08,22.44,7.09,0.52,3.19,0.36,0.04,0.93,,1.0,1.0,,0.22
125339-9809,Nicolas Batum,nicolas batum,N. Batum,LAC,NY,SF,LAC@NY,3800.0,$3800,12.65,5.59,3.33,22.0,25.22,0.98,0.98,43.99,4.95,2.66,0.87,0.83,0.44,0.61,,1.0,1.0,582.0,0.18
125339-85305,Kenrich Williams,kenrich williams,K. Williams,OKC,,PF,UTA@OKC,3700.0,$3700,11.47,4.75,3.1,11.51,23.98,1.05,1.05,25.12,4.91,2.52,1.51,0.53,0.05,0.48,,1.0,1.0,66.0,0.22
125339-15636,Kentavious Caldwell-Pope,kentavious caldwell pope,K. Caldwell-Pope,MEM,PHX,SG/SF,PHO@MEM,4000.0,$4000,11.29,4.82,2.82,12.78,22.95,1.02,1.02,27.75,5.6,1.4,2.0,0.49,0.11,0.78,113.7,0.99,0.99,471.0,0.21
125339-145330,Isaiah Joe,isaiah joe,I. Joe,OKC,,SG/SF,UTA@OKC,3900.0,$3900,11.15,4.49,2.86,12.75,23.13,1.05,1.05,28.85,6.69,1.75,0.95,0.38,0.08,0.46,,1.0,1.0,59.0,0.22
125339-203778,Kyle Filipowski,kyle filipowski,K. Filipowski,UTA,,PF/C,UTA@OKC,5500.0,$5500,10.9,4.65,1.98,10.95,18.93,1.05,1.05,24.44,4.66,3.06,1.06,0.28,0.27,0.67,,1.0,1.0,458.0,0.21
125339-228157,Kobe Sanders,kobe sanders,K. Sanders,LAC,NY,SG/SF,LAC@NY,4000.0,$4000,10.1,4.67,2.53,16.45,22.14,0.98,0.98,33.36,5.65,1.88,1.18,0.45,0.1,1.23,,1.0,1.0,421.0,0.2
125339-203732,DaRon Holmes II,daron holmes,D. II,DEN,BOS,PF/C,DEN@BOS,4200.0,$4200,10.06,4.33,2.39,16.0,21.53,1.01,1.01,30.12,4.7,1.46,2.06,0.0,0.36,0.56,114.2,1.0,0.99,87.0,0.21
125339-188457,Jordan Walsh,jordan walsh,J. Walsh,BOS,DEN,SG/SF,DEN@BOS,3900.0,$3900,9.98,4.74,2.56,10.96,21.99,1.01,1.01,22.08,3.76,2.74,0.52,0.54,0.29,0.34,115.4,1.0,1.01,517.0,0.19
125339-23716,Kyle Anderson,kyle anderson,K. Anderson,UTA,,SF,UTA@OKC,4400.0,$4400,9.94,4.98,2.26,8.69,20.47,1.05,1.05,19.52,3.8,1.52,1.35,0.7,0.24,0.54,,1.0,1.0,118.0,0.22
125339-188475,Oscar Tshiebwe,oscar tshiebwe,O. Tshiebwe,UTA,,C,UTA@OKC,3700.0,$3700,9.9,4.61,2.68,10.29,22.47,1.05,1.05,22.66,1.38,4.38,0.73,0.73,0.0,0.0,,1.0,1.0,14.0,0.22
125339-228129,Hugo Gonzalez,hugo gonzalez,H. Gonzalez,BOS,DEN,SG/SF,DEN@BOS,3800.0,$3800,9.77,4.78,2.57,12.66,22.19,1.01,1.01,26.11,3.44,2.9,0.56,0.63,0.21,0.51,115.4,1.0,1.01,378.0,0.19
125339-58153,Kelly Oubre,kelly oubre,K. Oubre,PHI,WSH,SG/SF,WAS@PHI,5100.0,$5100,9.76,4.44,1.91,11.35,18.95,1.03,1.03,24.19,5.72,1.68,0.41,0.33,0.29,0.41,,1.0,1.0,284.0,0.21
125339-203800,Branden Carlson,branden carlson,B. Carlson,OKC,,C,UTA@OKC,3900.0,$3900,9.61,4.33,2.46,9.0,21.53,1.05,1.05,20.12,4.84,2.16,0.58,0.16,0.38,0.31,,1.0,1.0,31.0,0.22
125339-84696,Jevon Carter,jevon carter,J. Carter,CHI,DET,PG,CHI@DET,3600.0,$3600,9.54,4.42,2.65,11.47,22.52,1.01,1.01,24.93,5.61,1.11,0.95,0.57,0.0,0.52,110.2,0.97,0.95,80.0,0.22
125339-188445,Jordan Miller,jordan miller,J. Miller,LAC,NY,SF,LAC@NY,3800.0,$3800,9.28,4.33,2.44,11.37,21.65,0.98,0.98,22.1,4.41,2.26,1.0,0.26,0.2,0.73,,1.0,1.0,135.0,0.21
125339-112709,Javonte Green,javonte green,J. Green,DET,CHI,SF,CHI@DET,3900.0,$3900,9.18,4.64,2.35,10.06,21.2,1.01,1.01,21.9,4.57,1.44,0.52,0.65,0.18,0.38,117.6,1.02,1.03,188.0,0.21
125339-188458,Jalen Pickett,jalen pickett,J. Pickett,DEN,BOS,PG,DEN@BOS,4900.0,$4900,8.93,4.06,1.82,10.78,18.69,1.01,1.01,22.72,4.39,1.56,1.62,0.18,0.11,0.64,114.2,1.0,0.99,142.0,0.22
125339-145308,Patrick Williams,patrick williams,P. Williams,CHI,DET,SF/PF,CHI@DET,3800.0,$3800,8.82,4.41,2.32,10.93,21.19,1.01,1.01,24.08,4.35,1.72,0.69,0.47,0.17,0.54,110.2,0.97,0.95,192.0,0.21
125339-157819,Corey Kispert,corey kispert,C. Kispert,WAS,PHI,SF,WAS@PHI,3700.0,$3700,8.72,3.96,2.36,10.6,21.36,1.03,1.03,24.23,5.1,1.31,0.96,0.24,0.09,0.4,113.3,0.99,0.98,184.0,0.21
125339-158373,Jose Alvarado,jose alvarado,J. Alvarado,NOP,ATL,PG,NO@ATL,4000.0,$4000,8.4,4.26,2.1,9.47,20.17,1.08,1.08,21.74,3.67,1.3,1.5,0.46,0.04,0.59,115.6,1.01,1.01,,0.22
125339-203780,Oso Ighodaro,oso ighodaro,O. Ighodaro,PHX,MEM,PF/C,PHO@MEM,4600.0,$4600,8.38,4.48,1.82,9.8,18.8,1.02,1.02,20.67,2.64,2.37,0.92,0.44,0.27,0.6,114.0,1.0,0.99,561.0,0.19
,Charles Bassey,charles bassey,C. Bassey,MEM,PHX,,,,,8.35,4.14,0.0,7.3,12.76,1.02,1.02,16.56,1.92,3.69,0.5,0.25,0.25,0.26,113.7,0.99,0.99,8.0,0.22
125339-171763,Dalen Terry,dalen terry,D. Terry,CHI,DET,SF,CHI@DET,3600.0,$3600,8.3,4.51,2.31,9.77,21.18,1.01,1.01,21.57,3.2,1.52,1.13,0.51,0.21,0.58,110.2,0.97,0.95,73.0,0.22
125339-171925,Dominick Barlow,dominick barlow,D. Barlow,PHI,WSH,PF/C,WAS@PHI,4200.0,$4200,8.15,4.31,1.94,9.61,19.47,1.03,1.03,20.82,3.22,2.01,0.61,0.35,0.31,0.39,,1.0,1.0,535.0,0.19
125339-110340,Jaxson Hayes,jaxson hayes,J. Hayes,LAL,SA,C,LAL@SA,3900.0,$3900,8.11,4.08,2.08,8.46,20.09,1.03,1.03,18.31,3.69,1.96,0.52,0.21,0.31,0.28,,1.0,1.0,139.0,0.21
125339-171785,Bryce McGowens,bryce mcgowens,B. McGowens,NOP,ATL,SG,NO@ATL,4000.0,$4000,8.0,3.94,2.0,9.43,19.8,1.08,1.08,22.11,4.64,1.19,0.66,0.36,0.06,0.33,115.6,1.01,1.01,61.0,0.22
125339-203724,Ryan Dunn,ryan dunn,R. Dunn,PHX,MEM,SF/PF,PHO@MEM,3800.0,$3800,7.9,4.32,2.08,8.55,20.16,1.02,1.02,18.06,2.91,1.98,0.69,0.45,0.23,0.44,114.0,1.0,0.99,510.0,0.2
125339-203766,Tidjane Salaun,tidjane salaun,T. Salaun,CHA,TOR,PF,TOR@CHA,3900.0,$3900,7.82,3.88,2.0,8.57,19.82,1.01,1.01,17.88,3.73,2.14,0.45,0.25,0.14,0.35,111.8,0.98,0.97,122.0,0.21
125339-188420,Nick Smith Jr.,nick smith,N. Jr.,LAL,SA,SG,LAL@SA,3600.0,$3600,7.49,3.57,2.08,9.55,20.35,1.03,1.03,20.4,5.47,0.36,1.09,0.18,0.0,0.58,,1.0,1.0,104.0,0.22
125339-15557,Andre Drummond,andre drummond,A. Drummond,PHI,WSH,C,WAS@PHI,4000.0,$4000,7.39,3.9,1.85,6.63,19.05,1.03,1.03,14.06,2.17,3.03,0.29,0.19,0.28,0.27,,1.0,1.0,450.0,0.2
125339-228106,Yang Hansen,yang hansen,Y. Hansen,POR,HOU,C,HOU@POR,3600.0,$3600,7.39,4.22,2.05,9.5,20.24,0.97,0.97,20.55,2.95,2.08,0.84,0.06,0.47,0.93,112.9,0.99,0.98,66.0,0.22
125339-188463,Julian Phillips,julian phillips,J. Phillips,CHI,DET,SF,CHI@DET,3600.0,$3600,7.33,4.27,2.04,9.74,20.19,1.01,1.01,21.4,3.23,1.3,0.27,0.56,0.21,0.2,110.2,0.97,0.95,89.0,0.21
125339-188423,Julian Strawther,julian strawther,J. Strawther,DEN,BOS,SF,DEN@BOS,3600.0,$3600,7.24,3.43,2.01,10.16,20.13,1.01,1.01,21.91,4.34,1.43,0.86,0.06,0.06,0.5,114.2,1.0,0.99,82.0,0.22
125339-228121,Yanic Konan Niederhauser,yanic konan niederhauser,Y. Niederhauser,LAC,NY,C,LAC@NY,3700.0,$3700,7.15,3.99,1.93,8.6,19.67,0.98,0.98,16.98,2.98,2.11,0.32,0.1,0.42,0.43,,1.0,1.0,83.0,0.21
125339-145324,Devin Vassell,devin vassell,D. Vassell,SAS,SA,SG/SF,LAL@SA,5100.0,$5100,7.08,3.68,1.39,8.25,16.79,1.03,1.03,18.02,3.98,1.08,0.65,0.23,0.13,0.25,,1.0,1.0,,0.22
125339-228143,Will Richard,will richard,W. Richard,GSW,GS,SG,MIL@GS,3900.0,$3900,7.08,3.89,1.81,8.91,19.14,1.0,1.0,18.98,3.61,1.3,0.53,0.46,0.04,0.37,,1.0,1.0,544.0,0.19
125339-157904,Jonathan Kuminga,jonathan kuminga,J. Kuminga,GSW,GS,SF/PF,MIL@GS,3700.0,$3700,7.06,3.59,1.91,7.7,19.53,1.0,1.0,16.13,3.76,1.92,0.8,0.08,0.1,0.75,,1.0,1.0,409.0,0.22
125339-158856,Trendon Watford,trendon watford,T. Watford,PHI,WSH,PF/C,WAS@PHI,3900.0,$3900,7.05,3.64,1.81,7.0,18.99,1.03,1.03,15.65,3.04,1.64,1.24,0.16,0.08,0.53,,1.0,1.0,,0.22
125339-188424,Olivier-Maxence Prosper,olivier maxence prosper,O. Prosper,MEM,PHX,PF,PHO@MEM,3500.0,$3500,6.94,3.39,1.98,8.11,19.95,1.02,1.02,18.4,4.01,1.53,0.68,0.13,0.04,0.41,113.7,0.99,0.99,128.0,0.21
125339-203801,KJ Simpson,kj simpson,K. Simpson,CHA,TOR,PG,TOR@CHA,3600.0,$3600,6.91,4.1,1.92,7.53,19.62,1.01,1.01,15.62,3.1,0.99,1.25,0.52,0.0,0.8,111.8,0.98,0.97,104.0,0.22
125339-188418,Kobe Brown,kobe brown,K. Brown,LAC,NY,SF,LAC@NY,3500.0,$3500,6.89,3.72,1.97,9.65,20.0,0.98,0.98,19.14,3.08,1.64,0.83,0.27,0.08,0.45,,1.0,1.0,135.0,0.21
125339-203731,Jared McCain,jared mccain,J. McCain,PHI,WSH,PG/SG,WAS@PHI,4000.0,$4000,6.79,3.8,1.7,8.54,18.62,1.03,1.03,18.92,3.15,1.22,0.85,0.41,0.02,0.38,,1.0,1.0,391.0,0.21
125339-228148,Sion James,sion james,S. James,CHA,TOR,SG/SF,TOR@CHA,3900.0,$3900,6.71,3.76,1.72,10.1,18.87,1.01,1.01,21.08,2.99,1.31,0.79,0.27,0.16,0.32,111.8,0.98,0.97,360.0,0.2
125339-188451,Tristan Vukcevic,tristan vukcevic,T. Vukcevic,WAS,PHI,C,WAS@PHI,4000.0,$4000,6.65,3.81,1.66,6.11,18.33,1.03,1.03,13.84,3.64,1.29,0.49,0.14,0.29,0.57,113.3,0.99,0.98,85.0,0.22
125339-84689,Josh Okogie,josh okogie,J. Okogie,HOU,POR,SG/SF,HOU@POR,3700.0,$3700,6.62,3.95,1.79,9.8,19.22,0.97,0.97,19.14,2.97,1.42,0.45,0.47,0.1,0.43,116.2,1.01,1.02,197.0,0.21
125339-228117,Will Riley,will riley,W. Riley,WAS,PHI,SF,WAS@PHI,3700.0,$3700,6.54,3.68,1.77,8.43,19.05,1.03,1.03,18.48,3.06,1.28,0.88,0.26,0.1,0.45,113.3,0.99,0.98,178.0,0.21
125339-188450,Trayce Jackson-Davis,trayce jackson davis,T. Jackson-Davis,GSW,GS,PF/C,MIL@GS,4000.0,$4000,6.49,3.77,1.62,6.19,18.19,1.0,1.0,13.2,2.35,1.87,0.48,0.16,0.32,0.25,,1.0,1.0,275.0,0.2
125339-203729,Yves Missi,yves missi,Y. Missi,NOP,ATL,C,NO@ATL,4100.0,$4100,6.38,3.97,1.56,6.35,17.89,1.08,1.08,14.51,1.89,1.99,0.44,0.13,0.47,0.36,115.6,1.01,1.01,137.0,0.21
125339-16376,Dorian Finney-Smith,dorian finney smith,D. Finney-Smith,HOU,POR,PF,HOU@POR,3600.0,$3600,6.33,3.79,1.76,12.83,19.37,0.97,0.97,25.42,2.17,2.36,0.55,0.28,0.12,0.7,116.2,1.01,1.02,63.0,0.21
125339-171775,Christian Koloko,christian koloko,C. Koloko,LAL,SA,C,PHO@MEM,3700.0,$3700,6.29,4.46,1.7,7.48,18.74,1.03,1.03,16.85,1.23,1.47,0.31,0.5,0.5,0.2,,1.0,1.0,6.0,0.22
125339-228120,Walter Clayton Jr.,walter clayton,W. Jr.,UTA,,PG,UTA@OKC,4000.0,$4000,6.23,3.61,1.56,7.43,18.03,1.05,1.05,16.35,2.64,1.03,1.22,0.26,0.07,0.46,,1.0,1.0,325.0,0.21
125339-68203,Chris Boucher,chris boucher,C. Boucher,BOS,DEN,C,DEN@BOS,3500.0,$3500,6.19,4.3,1.77,7.07,19.09,1.01,1.01,14.33,1.45,1.39,0.24,0.39,0.54,0.07,115.4,1.0,1.01,73.0,0.21
125339-58576,Kevon Looney,kevon looney,K. Looney,NOP,ATL,C,NO@ATL,3800.0,$3800,6.16,3.65,1.62,6.33,18.31,1.08,1.08,14.4,1.09,2.4,0.8,0.16,0.24,0.22,115.6,1.01,1.01,55.0,0.21
125339-203789,Tyler Kolek,tyler kolek,T. Kolek,NYK,NY,PG,LAC@NY,3900.0,$3900,6.0,3.43,1.54,6.51,17.95,0.98,0.98,13.6,2.58,0.89,1.38,0.19,0.04,0.42,,1.0,1.0,245.0,0.21
125339-174501,Pat Spencer,pat spencer,P. Spencer,GSW,GS,PG,MIL@GS,4100.0,$4100,5.94,3.51,1.45,6.21,17.48,1.0,1.0,12.84,2.45,0.88,1.3,0.28,0.01,0.4,,1.0,1.0,295.0,0.22
125339-203771,Adem Bona,adem bona,A. Bona,PHI,WSH,C,WAS@PHI,4300.0,$4300,5.81,4.01,1.35,6.8,17.03,1.03,1.03,14.81,1.67,1.64,0.14,0.15,0.6,0.27,,1.0,1.0,372.0,0.19
125339-188411,Taylor Hendricks,taylor hendricks,T. Hendricks,UTA,,PF,UTA@OKC,3800.0,$3800,5.63,3.42,1.48,7.32,17.86,1.05,1.05,16.64,2.25,1.65,0.38,0.23,0.13,0.25,,1.0,1.0,231.0,0.2
125339-145305,Zeke Nnaji,zeke nnaji,Z. Nnaji,DEN,BOS,PF/C,DEN@BOS,4400.0,$4400,5.5,3.55,1.25,6.77,16.6,1.01,1.01,14.37,2.53,1.26,0.21,0.23,0.24,0.25,114.2,1.0,0.99,118.0,0.21
125339-160022,A.J. Lawson,a j lawson,A. Lawson,TOR,CHA,SG,TOR@CHA,3500.0,$3500,5.39,3.54,1.54,4.11,18.05,1.01,1.01,8.32,2.51,1.06,0.0,0.17,0.36,0.0,117.7,1.02,1.03,19.0,0.22
125339-171793,Karlo Matkovic,karlo matkovic,K. Matkovic,NOP,ATL,C,NO@ATL,3900.0,$3900,5.36,3.47,1.37,5.06,17.24,1.08,1.08,11.88,2.14,1.44,0.34,0.1,0.31,0.27,115.6,1.01,1.01,58.0,0.22
125339-203809,Cam Christie,cam christie,C. Christie,LAC,NY,SG,LAC@NY,3500.0,$3500,5.29,3.14,1.51,6.76,18.1,0.98,0.98,13.23,2.65,1.21,0.4,0.18,0.07,0.17,,1.0,1.0,94.0,0.22
125339-58081,Tyus Jones,tyus jones,T. Jones,ORL,BKN,PG,ORL@BKN,3700.0,$3700,5.23,3.4,1.41,8.22,17.72,0.97,0.97,16.67,1.66,0.6,1.24,0.34,0.03,0.14,116.0,1.01,1.01,411.0,0.19
125339-157843,Ziaire Williams,ziaire williams,Z. Williams,BKN,ORL,SG/SF,ORL@BKN,4300.0,$4300,5.02,3.45,1.17,6.52,16.33,0.97,0.97,12.97,2.83,0.64,0.2,0.31,0.15,0.28,112.8,0.99,0.98,505.0,0.2
125339-58519,Gary Payton II,gary payton,G. II,GSW,GS,SG,MIL@GS,3900.0,$3900,4.98,3.33,1.28,4.83,16.87,1.0,1.0,9.87,1.89,1.2,0.63,0.19,0.15,0.33,,1.0,1.0,382.0,0.21
125339-9561,DeAndre Jordan,deandre jordan,D. Jordan,NOP,ATL,C,NO@ATL,3500.0,$3500,4.98,2.6,1.42,5.33,17.69,1.08,1.08,10.87,2.24,2.49,0.0,0.0,0.0,0.25,115.6,1.01,1.01,11.0,0.22
125339-84695,Gary Trent Jr.,gary trent,G. Jr.,MIL,GS,SF,MIL@GS,3800.0,$3800,4.94,3.17,1.3,9.26,17.3,1.0,1.0,18.85,2.81,0.47,0.55,0.29,0.02,0.19,,1.0,1.0,798.0,0.19
125339-157831,Tre Mann,tre mann,T. Mann,CHA,TOR,PG/SG,TOR@CHA,3700.0,$3700,4.75,3.08,1.28,5.23,17.05,1.01,1.01,10.82,2.56,0.8,0.75,0.16,0.03,0.47,111.8,0.98,0.97,233.0,0.22
125339-23665,Buddy Hield,buddy hield,B. Hield,GSW,GS,SG/SF,MIL@GS,3800.0,$3800,4.74,3.19,1.25,5.88,16.89,1.0,1.0,12.6,2.46,0.84,0.48,0.28,0.03,0.36,,1.0,1.0,506.0,0.21
125339-171753,Tyrese Martin,tyrese martin,T. Martin,BKN,ORL,SG/SF,ORL@BKN,3700.0,$3700,4.61,2.99,1.24,5.52,16.92,0.97,0.97,10.84,2.34,0.8,0.66,0.17,0.03,0.3,112.8,0.99,0.98,478.0,0.21
125339-101387,Gabe Vincent,gabe vincent,G. Vincent,LAL,SA,PG/SG,LAL@SA,3700.0,$3700,4.5,3.1,1.22,10.21,17.11,1.03,1.03,22.17,2.27,0.42,0.71,0.25,0.04,0.21,,1.0,1.0,32.0,0.22
125339-228116,Asa Newell,asa newell,A. Newell,ATL,NO,PF,NO@ATL,3700.0,$3700,4.48,3.1,1.21,4.72,16.74,1.08,1.08,11.2,2.32,0.9,0.27,0.17,0.13,0.25,,1.0,1.0,183.0,0.21
125339-145325,Josh Green,josh green,J. Green,CHA,TOR,SG/SF,TOR@CHA,3700.0,$3700,4.44,3.05,1.2,6.92,16.84,1.01,1.01,14.32,2.1,0.71,0.46,0.3,0.0,0.11,111.8,0.98,0.97,78.0,0.21
125339-203727,Ja'Kobe Walter,ja kobe walter,J. Walter,TOR,CHA,SG,TOR@CHA,3700.0,$3700,4.43,3.16,1.2,6.06,16.78,1.01,1.01,12.76,2.22,0.73,0.28,0.31,0.05,0.18,117.7,1.02,1.03,429.0,0.2
125339-203813,Bobi Klintman,bobi klintman,B. Klintman,DET,CHI,PF,CHI@DET,3500.0,$3500,4.35,2.99,1.24,5.01,16.99,1.01,1.01,11.35,1.86,1.51,0.4,0.19,0.0,0.49,117.6,1.02,1.03,25.0,0.22
125339-228168,Javon Small,javon small,J. Small,MEM,PHX,PG,PHO@MEM,3600.0,$3600,4.31,2.95,1.2,5.1,16.77,1.02,1.02,11.55,1.57,0.57,1.38,0.1,0.03,0.45,113.7,0.99,0.99,130.0,0.21
125339-171748,Malaki Branham,malaki branham,M. Branham,WAS,PHI,SG,WAS@PHI,3500.0,$3500,4.31,2.72,1.23,5.44,16.98,1.03,1.03,11.93,2.37,1.09,0.43,0.07,0.03,0.33,113.3,0.99,0.98,75.0,0.22
125339-145336,Xavier Tillman,xavier tillman,X. Tillman,BOS,DEN,C,DEN@BOS,3500.0,$3500,4.27,3.21,1.22,4.96,16.9,1.01,1.01,10.12,1.49,1.18,0.24,0.29,0.1,0.19,115.4,1.0,1.01,91.0,0.21
125339-157825,Jericho Sims,jericho sims,J. Sims,MIL,GS,C,MIL@GS,3600.0,$3600,4.26,2.97,1.18,7.25,16.86,1.0,1.0,14.87,1.47,1.9,0.3,0.11,0.09,0.52,,1.0,1.0,346.0,0.19
125339-228164,Noah Penda,noah penda,N. Penda,ORL,BKN,SF,ORL@BKN,3600.0,$3600,4.25,3.05,1.18,4.3,16.67,0.97,0.97,8.88,1.48,1.31,0.41,0.17,0.11,0.27,116.0,1.01,1.01,187.0,0.21
125339-228156,Brooks Barnhizer,brooks barnhizer,B. Barnhizer,OKC,,SF,UTA@OKC,3500.0,$3500,4.24,2.87,1.21,6.35,16.97,1.05,1.05,14.15,1.23,1.59,0.4,0.13,0.08,0.12,,1.0,1.0,28.0,0.22
125339-228163,Jamir Watkins,jamir watkins,J. Watkins,WAS,PHI,SG,WAS@PHI,3500.0,$3500,4.19,2.97,1.2,6.06,16.89,1.03,1.03,13.17,1.66,1.33,0.21,0.15,0.12,0.2,113.3,0.99,0.98,78.0,0.21
125339-171796,Gui Santos,gui santos,G. Santos,GSW,GS,SF,MIL@GS,3800.0,$3800,4.07,2.97,1.07,5.04,16.19,1.0,1.0,10.5,1.81,1.12,0.4,0.16,0.07,0.39,,1.0,1.0,240.0,0.21
125339-228145,Chaz Lanier,chaz lanier,C. Lanier,DET,CHI,SG,CHI@DET,3500.0,$3500,4.07,2.76,1.16,5.84,16.75,1.01,1.01,12.83,2.01,0.6,0.51,0.2,0.0,0.04,117.6,1.02,1.03,52.0,0.22
125339-84719,Aaron Holiday,aaron holiday,A. Holiday,HOU,POR,PG,HOU@POR,3700.0,$3700,4.05,2.93,1.09,6.23,16.41,0.97,0.97,12.58,2.67,0.35,0.38,0.18,0.06,0.34,116.2,1.01,1.02,165.0,0.21
125339-194767,Duop Reath,duop reath,D. Reath,POR,HOU,C,HOU@POR,3600.0,$3600,4.01,2.93,1.11,6.25,16.54,0.97,0.97,13.27,2.2,0.69,0.25,0.16,0.12,0.22,112.9,0.99,0.98,80.0,0.21
125339-9556,Eric Gordon,eric gordon,E. Gordon,PHI,WSH,SG,WAS@PHI,3500.0,$3500,4.0,3.13,1.14,5.61,16.66,1.03,1.03,12.23,2.54,0.15,0.23,0.32,0.07,0.24,,1.0,1.0,47.0,0.22
125339-203772,Justin Edwards,justin edwards,J. Edwards,PHI,WSH,SF/PF,WAS@PHI,3800.0,$3800,3.93,3.06,1.03,5.48,16.08,1.03,1.03,12.1,1.79,0.61,0.44,0.26,0.08,0.26,,1.0,1.0,331.0,0.2
125339-203725,Cody Williams,cody williams,C. Williams,UTA,,SF,UTA@OKC,3700.0,$3700,3.84,2.72,1.04,6.45,16.22,1.05,1.05,14.66,2.2,0.62,0.29,0.12,0.09,0.15,,1.0,1.0,176.0,0.21
125339-171781,Ochai Agbaji,ochai agbaji,O. Agbaji,TOR,CHA,SG,TOR@CHA,3700.0,$3700,3.8,2.8,1.03,5.77,16.13,1.01,1.01,12.07,1.67,0.87,0.29,0.18,0.07,0.11,117.7,1.02,1.03,343.0,0.2
125339-145327,Cole Anthony,cole anthony,C. Anthony,MIL,GS,PG/SG,MIL@GS,3700.0,$3700,3.8,3.01,1.03,3.81,16.0,1.0,1.0,8.11,1.42,0.66,0.92,0.16,0.07,0.49,,1.0,1.0,263.0,0.23
125339-188459,Hunter Tyson,hunter tyson,H. Tyson,DEN,BOS,SF,DEN@BOS,3600.0,$3600,3.74,2.52,1.04,4.17,16.13,1.01,1.01,9.29,1.73,1.09,0.25,0.07,0.07,0.07,114.2,1.0,0.99,41.0,0.22
125339-203715,Baylor Scheierman,baylor scheierman,B. Scheierman,BOS,DEN,SG,DEN@BOS,3600.0,$3600,3.71,2.86,1.03,6.69,16.26,1.01,1.01,13.65,1.51,0.93,0.35,0.22,0.04,0.23,115.4,1.0,1.01,282.0,0.2
125339-171665,Orlando Robinson,orlando robinson,O. Robinson,ORL,BKN,C,ORL@BKN,3500.0,$3500,3.71,2.65,1.06,4.89,16.31,0.97,0.97,9.34,1.35,0.77,0.58,0.19,0.0,0.0,116.0,1.01,1.01,5.0,0.22
125339-24544,Gary Harris,gary harris,G. Harris,MIL,GS,SG,MIL@GS,3600.0,$3600,3.69,3.06,1.02,7.53,16.29,1.0,1.0,15.41,1.27,0.7,0.46,0.29,0.08,0.22,,1.0,1.0,350.0,0.19
125339-228134,Liam McNeeley,liam mcneeley,L. McNeeley,CHA,TOR,SF,TOR@CHA,3600.0,$3600,3.64,2.5,1.01,4.82,16.07,1.01,1.01,10.05,1.88,0.86,0.37,0.08,0.03,0.16,111.8,0.98,0.97,161.0,0.21
125339-145318,Nick Richards,nick richards,N. Richards,PHX,MEM,C,PHO@MEM,3500.0,$3500,3.57,2.87,1.02,3.71,16.1,1.02,1.02,7.8,1.33,1.39,0.11,0.05,0.21,0.36,114.0,1.0,0.99,204.0,0.21
125339-171764,Jabari Walker,jabari walker,J. Walker,PHI,WSH,PF,WAS@PHI,3700.0,$3700,3.52,2.6,0.95,4.38,15.77,1.03,1.03,9.61,1.46,1.21,0.17,0.07,0.11,0.16,,1.0,1.0,335.0,0.2
125339-228107,Drake Powell,drake powell,D. Powell,BKN,ORL,SG/SF,ORL@BKN,3700.0,$3700,3.52,2.76,0.95,5.18,15.82,0.97,0.97,10.17,1.88,0.41,0.5,0.18,0.04,0.27,112.8,0.99,0.98,320.0,0.2
125339-145576,Jae'Sean Tate,jae sean tate,J. Tate,HOU,POR,SF,HOU@POR,3600.0,$3600,3.5,2.62,0.97,4.6,15.92,0.97,0.97,9.21,1.55,0.82,0.34,0.11,0.08,0.11,116.2,1.01,1.02,72.0,0.21
125339-81621,Maxi Kleber,maxi kleber,M. Kleber,LAL,SA,PF,LAL@SA,3500.0,$3500,3.42,2.87,0.98,5.98,16.08,1.03,1.03,12.74,1.22,0.83,0.36,0.12,0.17,0.22,,1.0,1.0,53.0,0.21
125339-80811,Jonathan Isaac,jonathan isaac,J. Isaac,ORL,BKN,PF,ORL@BKN,3600.0,$3600,3.33,2.83,0.92,3.67,15.68,0.97,0.97,7.55,1.15,0.99,0.08,0.15,0.18,0.1,116.0,1.01,1.01,188.0,0.21
125339-228169,Micah Peavy,micah peavy,M. Peavy,NOP,ATL,SG,NO@ATL,3600.0,$3600,3.26,2.64,0.91,4.71,15.68,1.08,1.08,10.74,1.41,0.69,0.32,0.19,0.03,0.12,115.6,1.01,1.01,110.0,0.21
125339-228173,Rasheer Fleming,rasheer fleming,R. Fleming,PHX,MEM,PF,PHO@MEM,3500.0,$3500,3.2,2.71,0.91,3.94,15.73,1.02,1.02,8.47,1.39,0.77,0.08,0.14,0.14,0.09,114.0,1.0,0.99,70.0,0.22
125339-188454,Mouhamed Gueye,mouhamed gueye,M. Gueye,ATL,NO,PF/C,NO@ATL,3800.0,$3800,3.2,2.77,0.84,3.41,15.25,1.08,1.08,7.83,1.15,0.81,0.22,0.15,0.14,0.13,,1.0,1.0,405.0,0.2
125339-228167,Mohamed Diawara,mohamed diawara,M. Diawara,NYK,NY,SF,LAC@NY,3600.0,$3600,3.2,2.76,0.89,3.49,15.54,0.98,0.98,7.61,1.35,0.61,0.32,0.18,0.09,0.18,,1.0,1.0,98.0,0.22
125339-188434,Gradey Dick,gradey dick,G. Dick,TOR,CHA,SF,TOR@CHA,3700.0,$3700,3.19,2.59,0.86,4.17,15.43,1.01,1.01,9.08,1.73,0.53,0.19,0.19,0.03,0.14,117.7,1.02,1.03,449.0,0.2
125339-188421,Jordan Hawkins,jordan hawkins,J. Hawkins,NOP,ATL,SG,NO@ATL,3600.0,$3600,3.16,2.37,0.88,5.19,15.61,1.08,1.08,11.84,1.83,0.67,0.31,0.05,0.05,0.23,115.6,1.01,1.01,79.0,0.22
125339-203788,Kevin McCullar Jr.,kevin mccullar,K. Jr.,NYK,NY,SF,LAC@NY,3700.0,$3700,3.16,2.49,0.85,3.24,15.34,0.98,0.98,6.4,1.18,0.83,0.54,0.13,0.0,0.23,,1.0,1.0,70.0,0.22
125339-204448,Trey Alexander,trey alexander,T. Alexander,NOP,ATL,SG,NO@ATL,3500.0,$3500,3.16,2.59,0.9,3.71,15.66,1.08,1.08,8.04,1.4,0.4,0.5,0.1,0.1,0.1,115.6,1.01,1.01,9.0,0.22
125339-203787,Ariel Hukporti,ariel hukporti,A. Hukporti,NYK,NY,C,LAC@NY,3700.0,$3700,3.15,2.87,0.85,3.84,15.37,0.98,0.98,8.02,0.66,1.1,0.28,0.08,0.24,0.22,,1.0,1.0,142.0,0.21
125339-194322,Javonte Cooke,javonte cooke,J. Cooke,POR,HOU,SG,HOU@POR,3500.0,$3500,3.14,2.86,0.9,5.88,15.78,0.97,0.97,13.04,1.28,0.56,0.92,0.18,0.0,0.74,112.9,0.99,0.98,0.0,0.22
125339-228110,Nolan Traore,nolan traore,N. Traore,BKN,ORL,PG,ORL@BKN,3800.0,$3800,3.09,2.76,0.81,4.61,15.22,0.97,0.97,9.26,1.4,0.3,0.66,0.14,0.09,0.36,112.8,0.99,0.98,146.0,0.22
125339-233093,Chris Youngblood,chris youngblood,C. Youngblood,OKC,,SG,UTA@OKC,3600.0,$3600,3.07,2.25,0.85,4.2,15.46,1.05,1.05,9.19,1.63,0.69,0.23,0.1,0.0,0.04,,1.0,1.0,19.0,0.22
125339-203717,Dalton Knecht,dalton knecht,D. Knecht,LAL,SA,SF,LAL@SA,3600.0,$3600,2.96,2.44,0.82,4.17,15.34,1.03,1.03,8.99,1.68,0.55,0.14,0.09,0.09,0.14,,1.0,1.0,135.0,0.21
125339-180555,Jamal Cain,jamal cain,J. Cain,ORL,BKN,SF,ORL@BKN,3500.0,$3500,2.77,2.38,0.79,3.92,15.28,0.97,0.97,8.17,1.7,0.41,0.13,0.14,0.03,0.14,116.0,1.01,1.01,89.0,0.22
125339-188407,Jett Howard,jett howard,J. Howard,ORL,BKN,SF,ORL@BKN,3500.0,$3500,2.75,2.14,0.79,3.48,15.24,0.97,0.97,7.06,1.57,0.48,0.28,0.05,0.04,0.07,116.0,1.01,1.01,163.0,0.22
125339-179828,Keaton Wallace,keaton wallace,K. Wallace,ATL,NO,PG,NO@ATL,3600.0,$3600,2.59,2.4,0.72,2.78,14.89,1.08,1.08,6.36,1.02,0.33,0.56,0.14,0.03,0.17,,1.0,1.0,318.0,0.21
125339-228183,Lachlan Olbrich,lachlan olbrich,L. Olbrich,CHI,DET,C,CHI@DET,3500.0,$3500,2.57,2.05,0.73,5.18,15.15,1.01,1.01,10.84,0.21,1.43,0.58,0.0,0.0,0.21,110.2,0.97,0.95,26.0,0.22
125339-213508,Elijah Harkless,elijah harkless,E. Harkless,UTA,,SG,UTA@OKC,3500.0,$3500,2.53,2.54,0.72,3.87,15.03,1.05,1.05,8.7,1.09,0.37,0.3,0.25,0.0,0.18,,1.0,1.0,31.0,0.22
125339-171749,Jeremy Sochan,jeremy sochan,J. Sochan,SAS,SA,PF,LAL@SA,3600.0,$3600,2.39,2.21,0.67,2.83,14.7,1.03,1.03,6.13,1.04,0.64,0.23,0.09,0.04,0.16,,1.0,1.0,132.0,0.21
125339-70823,Guerschon Yabusele,guerschon yabusele,G. Yabusele,NYK,NY,PF,LAC@NY,3600.0,$3600,2.27,2.03,0.63,3.38,14.62,0.98,0.98,7.01,1.07,0.73,0.17,0.04,0.04,0.17,,1.0,1.0,147.0,0.21
125339-15993,Pat Connaughton,pat connaughton,P. Connaughton,CHA,TOR,SG,TOR@CHA,3500.0,$3500,2.25,2.07,0.64,2.52,14.67,1.01,1.01,5.33,1.11,0.47,0.18,0.1,0.02,0.06,111.8,0.98,0.97,55.0,0.22
125339-231464,Chris Manon,chris manon,C. Manon,LAL,SA,SG,LAL@SA,3500.0,$3500,2.24,2.98,0.64,2.22,14.64,1.03,1.03,4.64,0.0,0.53,0.0,0.18,0.36,0.0,,1.0,1.0,1.0,0.22
125339-171771,Caleb Houstan,caleb houstan,C. Houstan,ATL,NO,SF,NO@ATL,3500.0,$3500,2.08,2.13,0.59,2.66,14.5,1.08,1.08,6.27,1.38,0.32,0.13,0.06,0.06,0.26,,1.0,1.0,22.0,0.22
125339-188464,Andre Jackson Jr.,andre jackson,A. Jr.,MIL,GS,SG,MIL@GS,3500.0,$3500,2.08,2.47,0.59,2.72,14.5,1.0,1.0,5.25,0.58,0.19,0.42,0.17,0.09,0.15,,1.0,1.0,55.0,0.22
125339-203806,Bronny James,bronny james,B. James,LAL,SA,PG,LAL@SA,3500.0,$3500,2.07,2.4,0.59,2.94,14.51,1.03,1.03,6.36,0.67,0.2,0.54,0.18,0.02,0.26,,1.0,1.0,60.0,0.22
125339-9535,Kyle Lowry,kyle lowry,K. Lowry,PHI,WSH,PG,WAS@PHI,3500.0,$3500,1.99,2.1,0.57,4.09,14.5,1.03,1.03,9.51,0.54,0.3,0.68,0.09,0.0,0.2,,1.0,1.0,39.0,0.22
125339-22541,Kelly Olynyk,kelly olynyk,K. Olynyk,SAS,SA,PF/C,LAL@SA,3800.0,$3800,1.97,2.01,0.52,1.98,14.02,1.03,1.03,4.33,0.8,0.43,0.3,0.1,0.01,0.12,,1.0,1.0,128.0,0.21
125339-228153,Amari Williams,amari williams,A. Williams,BOS,DEN,C,DEN@BOS,3500.0,$3500,1.87,2.31,0.53,2.66,14.3,1.01,1.01,5.72,0.24,0.61,0.08,0.09,0.17,0.0,115.4,1.0,1.01,22.0,0.22
125339-228171,Johni Broome,johni broome,J. Broome,PHI,WSH,PF,WAS@PHI,3500.0,$3500,1.86,1.97,0.53,2.06,14.24,1.03,1.03,4.6,0.51,0.69,0.21,0.11,0.0,0.1,,1.0,1.0,11.0,0.22
,Riley Minix,riley minix,R. Minix,SAS,SA,,,,,1.84,1.89,0.0,0.97,12.41,1.03,1.03,2.39,1.05,0.23,0.12,0.12,0.0,0.0,,1.0,1.0,5.0,0.22
,Drew Peterson,drew peterson,D. Peterson,CHA,TOR,,,,,1.73,2.17,0.0,3.46,12.55,1.01,1.01,7.08,0.31,0.49,0.12,0.16,0.06,0.0,111.8,0.98,0.97,35.0,0.22
125339-194829,Pete Nance,pete nance,P. Nance,MIL,GS,PF,MIL@GS,3500.0,$3500,1.71,1.54,0.49,2.17,14.1,1.0,1.0,4.61,1.16,0.48,0.07,0.0,0.0,0.13,,1.0,1.0,17.0,0.22
125339-111372,Thanasis Antetokounmpo,thanasis antetokounmpo,T. Antetokounmpo,MIL,GS,SF,MIL@GS,3500.0,$3500,1.69,2.24,0.48,1.21,14.03,1.0,1.0,2.66,0.71,0.21,0.0,0.13,0.13,0.04,,1.0,1.0,20.0,0.22
125339-9648,Jeff Green,jeff green,J. Green,HOU,POR,SF,HOU@POR,3500.0,$3500,1.68,1.6,0.48,2.55,14.1,0.97,0.97,4.87,1.2,0.24,0.08,0.0,0.04,0.04,116.2,1.01,1.02,16.0,0.22
125339-228172,Koby Brea,koby brea,K. Brea,PHX,MEM,SG,PHO@MEM,3500.0,$3500,1.66,1.5,0.47,1.54,14.02,1.02,1.02,3.62,0.81,0.2,0.4,0.0,0.0,0.0,114.0,1.0,0.99,7.0,0.22
125339-213367,Jamison Battle,jamison battle,J. Battle,TOR,CHA,SF,TOR@CHA,3500.0,$3500,1.6,1.67,0.46,2.09,14.0,1.01,1.01,4.41,0.93,0.37,0.1,0.04,0.01,0.09,117.7,1.02,1.03,146.0,0.21
125339-188442,Jalen Wilson,jalen wilson,J. Wilson,BKN,ORL,SF,ORL@BKN,3600.0,$3600,1.6,1.72,0.44,3.11,13.95,0.97,0.97,6.12,1.06,0.22,0.11,0.07,0.0,0.1,112.8,0.99,0.98,215.0,0.21
125339-228151,Jahmai Mashack,jahmai mashack,J. Mashack,MEM,PHX,SG,PHO@MEM,3500.0,$3500,1.54,1.97,0.44,2.03,13.93,1.02,1.02,4.37,0.63,0.5,0.21,0.1,0.0,0.31,113.7,0.99,0.99,11.0,0.22
125339-203785,Isaac Jones,isaac jones,I. Jones,DET,CHI,PF,CHI@DET,3500.0,$3500,1.47,1.36,0.42,2.77,13.91,1.01,1.01,5.66,0.86,0.31,0.16,0.0,0.0,0.0,117.6,1.02,1.03,1.0,0.22
125339-228130,Khaman Maluach,khaman maluach,K. Maluach,PHX,MEM,C,PHO@MEM,3500.0,$3500,1.47,2.1,0.42,1.78,13.84,1.02,1.02,3.91,0.56,0.38,0.05,0.02,0.17,0.19,114.0,1.0,0.99,27.0,0.22
125339-145548,Anthony Gill,anthony gill,A. Gill,WAS,PHI,PF,WAS@PHI,3500.0,$3500,1.44,1.74,0.41,1.77,13.82,1.03,1.03,4.07,0.83,0.44,0.0,0.04,0.04,0.16,113.3,0.99,0.98,13.0,0.22
125339-229095,Curtis Jones,curtis jones,C. Jones,DEN,BOS,SG,DEN@BOS,3500.0,$3500,1.43,1.49,0.41,3.34,13.9,1.01,1.01,7.22,0.61,0.62,0.15,0.0,0.0,0.15,114.2,1.0,0.99,14.0,0.22
125339-203799,Jonathan Mogbo,jonathan mogbo,J. Mogbo,TOR,CHA,C,TOR@CHA,3500.0,$3500,1.42,1.85,0.41,1.63,13.79,1.01,1.01,3.66,0.34,0.4,0.15,0.05,0.08,0.03,117.7,1.02,1.03,48.0,0.21
125339-228178,Hunter Dickinson,hunter dickinson,H. Dickinson,NOP,ATL,C,NO@ATL,3500.0,$3500,1.4,3.01,0.4,2.03,13.79,1.08,1.08,4.65,0.93,0.0,0.0,0.0,0.46,0.93,115.6,1.01,1.01,,0.22
125339-203765,AJ Johnson,aj johnson,A. Johnson,WAS,PHI,SG,WAS@PHI,3600.0,$3600,1.27,1.68,0.35,2.3,13.59,1.03,1.03,5.03,0.56,0.22,0.25,0.07,0.0,0.14,113.3,0.99,0.98,49.0,0.22
125339-228125,Carter Bryant,carter bryant,C. Bryant,SAS,SA,SF,LAL@SA,3600.0,$3600,1.25,1.56,0.35,2.06,13.56,1.03,1.03,4.53,0.58,0.42,0.05,0.04,0.02,0.09,,1.0,1.0,168.0,0.21
125339-85597,Jordan McLaughlin,jordan mclaughlin,J. McLaughlin,SAS,SA,PG,LAL@SA,3500.0,$3500,1.19,1.68,0.34,1.23,13.54,1.03,1.03,2.79,0.54,0.13,0.16,0.1,0.0,0.06,,1.0,1.0,56.0,0.22
125339-203760,Pacome Dadiet,pacome dadiet,P. Dadiet,NYK,NY,SF,LAC@NY,3500.0,$3500,1.14,1.54,0.33,1.53,13.52,0.98,0.98,3.31,0.21,0.34,0.21,0.07,0.0,0.0,,1.0,1.0,19.0,0.22
125339-228150,Mark Sears,mark sears,M. Sears,MIL,GS,PG,MIL@GS,3500.0,$3500,1.13,1.35,0.32,1.37,13.49,1.0,1.0,2.94,1.05,0.11,0.1,0.0,0.0,0.2,,1.0,1.0,12.0,0.22
125339-171783,E.J. Liddell,e j liddell,E. Liddell,BKN,ORL,PF,ORL@BKN,3500.0,$3500,1.01,1.1,0.29,1.43,13.38,0.97,0.97,2.91,0.58,0.35,0.0,0.0,0.0,0.0,112.8,0.99,0.98,8.0,0.22
125339-165854,Lindy Waters III,lindy waters,L. III,SAS,SA,SG,LAL@SA,3500.0,$3500,0.97,1.27,0.28,1.43,13.34,1.03,1.03,3.09,0.49,0.27,0.05,0.03,0.0,0.02,,1.0,1.0,87.0,0.21
125339-195819,Tosan Evbuomwan,tosan evbuomwan,T. Evbuomwan,NYK,NY,SF,LAC@NY,3500.0,$3500,0.9,1.1,0.26,2.96,13.37,0.98,0.98,6.76,0.0,0.75,0.0,0.0,0.0,0.0,,1.0,1.0,7.0,0.22
125339-11074,Garrett Temple,garrett temple,G. Temple,TOR,CHA,SG,TOR@CHA,3500.0,$3500,0.9,1.83,0.26,1.1,13.26,1.01,1.01,2.31,0.15,0.16,0.12,0.12,0.04,0.12,117.7,1.02,1.03,14.0,0.22
125339-14505,Bismack Biyombo,bismack biyombo,B. Biyombo,SAS,SA,C,LAL@SA,3500.0,$3500,0.9,1.63,0.26,1.77,13.3,1.03,1.03,3.88,0.28,0.2,0.08,0.09,0.03,0.09,,1.0,1.0,14.0,0.22
125339-111492,Amir Coffey,amir coffey,A. Coffey,MIL,GS,SF,MIL@GS,3500.0,$3500,0.89,1.18,0.25,2.53,13.33,1.0,1.0,5.39,0.42,0.24,0.11,0.0,0.02,0.03,,1.0,1.0,75.0,0.21
125339-228181,Chucky Hepburn,chucky hepburn,C. Hepburn,TOR,CHA,PG,TOR@CHA,3500.0,$3500,0.88,1.79,0.25,1.87,13.28,1.01,1.01,3.7,0.0,0.14,0.29,0.14,0.0,0.14,117.7,1.02,1.03,10.0,0.22
,Jahmyl Telfort,jahmyl telfort,J. Telfort,LAC,NY,,,,,0.83,1.58,0.0,3.29,12.54,0.98,0.98,6.73,0.11,0.31,0.11,0.1,0.0,0.1,,1.0,1.0,17.0,0.22
125339-172097,Tyson Etienne,tyson etienne,T. Etienne,BKN,ORL,PG,ORL@BKN,3500.0,$3500,0.79,1.02,0.22,1.96,13.2,0.97,0.97,3.96,0.75,0.0,0.06,0.0,0.0,0.06,112.8,0.99,0.98,5.0,0.22
,Hunter Sallis,hunter sallis,H. Sallis,PHI,WSH,,,,,0.69,1.52,0.0,1.44,12.44,1.03,1.03,3.3,0.39,0.06,0.22,0.0,0.06,0.29,,1.0,1.0,5.0,0.22
125339-228155,Alijah Martin,alijah martin,A. Martin,TOR,CHA,SG,TOR@CHA,3500.0,$3500,0.33,1.28,0.09,0.86,12.71,1.01,1.01,1.54,0.0,0.0,0.0,0.11,0.0,0.0,117.7,1.02,1.03,8.0,0.22
125339-157808,Cade Cunningham,cade cunningham,C. Cunningham,DET,CHI,PG,CHI@DET,11100.0,$11100,0.0,0.0,0.0,0.0,10.18,1.01,1.01,0.0,0.0,0.0,0.0,0.0,0.0,0.0,117.6,1.02,1.03,,0.22
125339-84680,Shai Gilgeous-Alexander,shai gilgeous alexander,S. Gilgeous-Alexander,OKC,,PG,UTA@OKC,11000.0,$11000,0.0,0.0,0.0,0.0,10.18,1.05,1.05,0.0,0.0,0.0,0.0,0.0,0.0,0.0,,1.0,1.0,,0.22
125339-9488,LeBron James,lebron james,L. James,LAL,SA,SF/PF,LAL@SA,9100.0,$9100,0.0,0.0,0.0,0.0,10.18,1.03,1.03,0.0,0.0,0.0,0.0,0.0,0.0,0.0,,1.0,1.0,,0.22
125339-157908,Alperen Sengun,alperen sengun,A. Sengun,HOU,POR,PF/C,HOU@POR,9000.0,$9000,0.0,0.0,0.0,0.0,10.18,0.97,0.97,0.0,0.0,0.0,0.0,0.0,0.0,0.0,116.2,1.01,1.02,,0.22
125339-157905,Josh Giddey,josh giddey,J. Giddey,CHI,DET,PG/SG,CHI@DET,8300.0,$8300,0.0,0.0,0.0,0.0,10.86,1.01,1.01,0.0,0.0,0.0,0.0,0.0,0.0,0.0,110.2,0.97,0.95,,0.22
125339-84683,Jaren Jackson Jr.,jaren jackson,J. Jr.,MEM,PHX,PF/C,PHO@MEM,7600.0,$7600,0.0,0.0,0.0,0.0,10.86,1.02,1.02,0.0,0.0,0.0,0.0,0.0,0.0,0.0,113.7,0.99,0.99,498.0,0.24
125339-145304,Onyeka Okongwu,onyeka okongwu,O. Okongwu,ATL,NO,PF/C,NO@ATL,7500.0,$7500,0.0,0.0,0.0,0.0,10.86,1.08,1.08,0.0,0.0,0.0,0.0,0.0,0.0,0.0,,1.0,1.0,873.0,0.21
125339-157847,Trey Murphy III,trey murphy,T. III,NOP,ATL,SG/SF,NO@ATL,7500.0,$7500,0.0,0.0,0.0,0.0,10.86,1.08,1.08,0.0,0.0,0.0,0.0,0.0,0.0,0.0,115.6,1.01,1.01,273.0,0.21
125339-188419,Brandon Miller,brandon miller,B. Miller,CHA,TOR,SG/SF,TOR@CHA,7400.0,$7400,0.0,0.0,0.0,0.0,10.86,1.01,1.01,0.0,0.0,0.0,0.0,0.0,0.0,0.0,111.8,0.98,0.97,,0.22
125339-157851,Franz Wagner,franz wagner,F. Wagner,ORL,BKN,SF/PF,ORL@BKN,7300.0,$7300,0.0,0.0,0.0,0.0,10.86,0.97,0.97,0.0,0.0,0.0,0.0,0.0,0.0,0.0,116.0,1.01,1.01,,0.22
125339-171779,Jalen Duren,jalen duren,J. Duren,DET,CHI,C,CHI@DET,7100.0,$7100,0.0,0.0,0.0,0.0,10.86,1.01,1.01,0.0,0.0,0.0,0.0,0.0,0.0,0.0,117.6,1.02,1.03,,0.22
125339-157850,Jalen Suggs,jalen suggs,J. Suggs,ORL,BKN,PG/SG,ORL@BKN,6700.0,$6700,0.0,0.0,0.0,0.0,10.86,0.97,0.97,0.0,0.0,0.0,0.0,0.0,0.0,0.0,116.0,1.01,1.01,,0.22
125339-70827,Ivica Zubac,ivica zubac,I. Zubac,LAC,NY,C,LAC@NY,6600.0,$6600,0.0,0.0,0.0,0.0,10.86,0.98,0.98,0.0,0.0,0.0,0.0,0.0,0.0,0.0,,1.0,1.0,803.0,0.21
125339-19067,CJ McCollum,cj mccollum,C. McCollum,WAS,PHI,PG/SG,WAS@PHI,6500.0,$6500,0.0,0.0,0.0,0.0,10.86,1.03,1.03,0.0,0.0,0.0,0.0,0.0,0.0,0.0,113.3,0.99,0.98,430.0,0.23
125339-110326,Coby White,coby white,C. White,CHI,DET,PG/SG,CHI@DET,6500.0,$6500,0.0,0.0,0.0,0.0,10.86,1.01,1.01,0.0,0.0,0.0,0.0,0.0,0.0,0.0,110.2,0.97,0.95,99.0,0.23
125339-40562,Josh Hart,josh hart,J. Hart,NYK,NY,SF/PF,LAC@NY,6100.0,$6100,0.0,0.0,0.0,0.0,10.86,0.98,0.98,0.0,0.0,0.0,0.0,0.0,0.0,0.0,,1.0,1.0,,0.22
125339-9663,Jrue Holiday,jrue holiday,J. Holiday,POR,HOU,PG,HOU@POR,6100.0,$6100,0.0,0.0,0.0,0.0,10.86,0.97,0.97,0.0,0.0,0.0,0.0,0.0,0.0,0.0,112.9,0.99,0.98,,0.22
125339-203722,Kyshawn George,kyshawn george,K. George,WAS,PHI,SG/SF,WAS@PHI,6000.0,$6000,0.0,0.0,0.0,0.0,10.86,1.03,1.03,0.0,0.0,0.0,0.0,0.0,0.0,0.0,113.3,0.99,0.98,,0.22
125339-80825,Isaiah Hartenstein,isaiah hartenstein,I. Hartenstein,OKC,,C,UTA@OKC,6000.0,$6000,0.0,0.0,0.0,0.0,10.86,1.05,1.05,0.0,0.0,0.0,0.0,0.0,0.0,0.0,,1.0,1.0,,0.22
125339-23831,Jerami Grant,jerami grant,J. Grant,POR,HOU,SF/PF,HOU@POR,5700.0,$5700,0.0,0.0,0.0,0.0,11.04,0.97,0.97,0.0,0.0,0.0,0.0,0.0,0.0,0.0,112.9,0.99,0.98,,0.22
125339-228127,Cedric Coward,cedric coward,C. Coward,MEM,PHX,SG/SF,PHO@MEM,5700.0,$5700,0.0,0.0,0.0,0.0,11.04,1.02,1.02,0.0,0.0,0.0,0.0,0.0,0.0,0.0,113.7,0.99,0.99,344.0,0.22
125339-203734,Zach Edey,zach edey,Z. Edey,MEM,PHX,C,PHO@MEM,5200.0,$5200,0.0,0.0,0.0,0.0,11.34,1.02,1.02,0.0,0.0,0.0,0.0,0.0,0.0,0.0,113.7,0.99,0.99,,0.22
125339-145322,Jalen Smith,jalen smith,J. Smith,CHI,DET,PF/C,CHI@DET,5100.0,$5100,0.0,0.0,0.0,0.0,11.4,1.01,1.01,0.0,0.0,0.0,0.0,0.0,0.0,0.0,110.2,0.97,0.95,,0.22
125339-14518,Tobias Harris,tobias harris,T. Harris,DET,CHI,SF/PF,CHI@DET,5000.0,$5000,0.0,0.0,0.0,0.0,11.46,1.01,1.01,0.0,0.0,0.0,0.0,0.0,0.0,0.0,117.6,1.02,1.03,,0.22
125339-157907,Jalen Green,jalen green,J. Green,PHX,MEM,PG/SG,PHO@MEM,5000.0,$5000,0.0,0.0,0.0,0.0,11.46,1.02,1.02,0.0,0.0,0.0,0.0,0.0,0.0,0.0,114.0,1.0,0.99,,0.22
125339-157848,Herbert Jones,herbert jones,H. Jones,NOP,ATL,SF/PF,NO@ATL,4700.0,$4700,0.0,0.0,0.0,0.0,11.64,1.08,1.08,0.0,0.0,0.0,0.0,0.0,0.0,0.0,115.6,1.01,1.01,206.0,0.21
125339-58378,Jakob Poeltl,jakob poeltl,J. Poeltl,TOR,CHA,C,TOR@CHA,4600.0,$4600,0.0,0.0,0.0,0.0,11.7,1.01,1.01,0.0,0.0,0.0,0.0,0.0,0.0,0.0,117.7,1.02,1.03,,0.22
125339-228147,Ryan Kalkbrenner,ryan kalkbrenner,R. Kalkbrenner,CHA,TOR,C,TOR@CHA,4400.0,$4400,0.0,0.0,0.0,0.0,11.82,1.01,1.01,0.0,0.0,0.0,0.0,0.0,0.0,0.0,111.8,0.98,0.97,,0.22
125339-110349,Rui Hachimura,rui hachimura,R. Hachimura,LAL,SA,SF/PF,LAL@SA,4300.0,$4300,0.0,0.0,0.0,0.0,11.88,1.03,1.03,0.0,0.0,0.0,0.0,0.0,0.0,0.0,,1.0,1.0,220.0,0.21
125339-16261,Khris Middleton,khris middleton,K. Middleton,WAS,PHI,SG/SF,WAS@PHI,4200.0,$4200,0.0,0.0,0.0,0.0,11.94,1.03,1.03,0.0,0.0,0.0,0.0,0.0,0.0,0.0,113.3,0.99,0.98,225.0,0.21
125339-9874,Kevin Love,kevin love,K. Love,UTA,,PF,UTA@OKC,4100.0,$4100,0.0,0.0,0.0,0.0,12.0,1.05,1.05,0.0,0.0,0.0,0.0,0.0,0.0,0.0,,1.0,1.0,,0.22
125339-80815,Zach Collins,zach collins,Z. Collins,CHI,DET,PF/C,CHI@DET,4000.0,$4000,0.0,0.0,0.0,0.0,12.06,1.01,1.01,0.0,0.0,0.0,0.0,0.0,0.0,0.0,110.2,0.97,0.95,42.0,0.22
125339-188429,Kris Murray,kris murray,K. Murray,POR,HOU,SF,HOU@POR,4000.0,$4000,0.0,0.0,0.0,0.0,12.06,0.97,0.97,0.0,0.0,0.0,0.0,0.0,0.0,0.0,112.9,0.99,0.98,404.0,0.19
125339-171679,Jamaree Bouyea,jamaree bouyea,J. Bouyea,PHX,MEM,PG,PHO@MEM,4000.0,$4000,0.0,0.0,0.0,0.0,12.06,1.02,1.02,0.0,0.0,0.0,0.0,0.0,0.0,0.0,114.0,1.0,0.99,205.0,0.21
125339-171758,Jaylin Williams,jaylin williams,J. Williams,OKC,,PF/C,UTA@OKC,3900.0,$3900,0.0,0.0,0.0,0.0,12.12,1.05,1.05,0.0,0.0,0.0,0.0,0.0,0.0,0.0,,1.0,1.0,53.0,0.22
125339-171756,Vince Williams Jr.,vince williams,V. Jr.,MEM,PHX,PG/SG,PHO@MEM,3900.0,$3900,0.0,0.0,0.0,0.0,12.12,1.02,1.02,0.0,0.0,0.0,0.0,0.0,0.0,0.0,113.7,0.99,0.99,242.0,0.22
125339-23981,Alex Caruso,alex caruso,A. Caruso,OKC,,SG/SF,UTA@OKC,3800.0,$3800,0.0,0.0,0.0,0.0,12.18,1.05,1.05,0.0,0.0,0.0,0.0,0.0,0.0,0.0,,1.0,1.0,,0.22
125339-55060,Bogdan Bogdanovic,bogdan bogdanovic,B. Bogdanovic,LAC,NY,SG/SF,LAC@NY,3700.0,$3700,0.0,0.0,0.0,0.0,12.24,0.98,0.98,0.0,0.0,0.0,0.0,0.0,0.0,0.0,,1.0,1.0,280.0,0.21
125339-228108,Ben Saraf,ben saraf,B. Saraf,BKN,ORL,PG,ORL@BKN,3600.0,$3600,0.0,0.0,0.0,0.0,12.3,0.97,0.97,0.0,0.0,0.0,0.0,0.0,0.0,0.0,112.8,0.99,0.98,,0.22
125339-171776,Josh Minott,josh minott,J. Minott,BOS,DEN,SF/PF,DEN@BOS,3600.0,$3600,0.0,0.0,0.0,0.0,12.3,1.01,1.01,0.0,0.0,0.0,0.0,0.0,0.0,0.0,115.4,1.0,1.01,441.0,0.2
125339-15590,Mason Plumlee,mason plumlee,M. Plumlee,CHA,TOR,C,TOR@CHA,3500.0,$3500,0.0,0.0,0.0,0.0,12.36,1.01,1.01,0.0,0.0,0.0,0.0,0.0,0.0,0.0,111.8,0.98,0.97,75.0,0.21
125339-188406,Cam Whitmore,cam whitmore,C. Whitmore,WAS,PHI,SF,WAS@PHI,3500.0,$3500,0.0,0.0,0.0,0.0,12.36,1.03,1.03,0.0,0.0,0.0,0.0,0.0,0.0,0.0,113.3,0.99,0.98,131.0,0.22
125339-171795,Ousmane Dieng,ousmane dieng,O. Dieng,OKC,,PF,UTA@OKC,3500.0,$3500,0.0,0.0,0.0,0.0,12.36,1.05,1.05,0.0,0.0,0.0,0.0,0.0,0.0,0.0,,1.0,1.0,35.0,0.22
125339-171777,Walker Kessler,walker kessler,W. Kessler,UTA,,C,UTA@OKC,3500.0,$3500,0.0,0.0,0.0,0.0,12.36,1.05,1.05,0.0,0.0,0.0,0.0,0.0,0.0,0.0,,1.0,1.0,129.0,0.22
125339-158136,Austin Reaves,austin reaves,A. Reaves,LAL,SA,SG/SF,LAL@SA,3500.0,$3500,0.0,0.0,0.0,0.0,12.36,1.03,1.03,0.0,0.0,0.0,0.0,0.0,0.0,0.0,,1.0,1.0,,0.22
125339-203793,Harrison Ingram,harrison ingram,H. Ingram,SAS,SA,SF,LAL@SA,3500.0,$3500,0.0,0.0,0.0,0.0,12.36,1.03,1.03,0.0,0.0,0.0,0.0,0.0,0.0,0.0,,1.0,1.0,5.0,0.22
125339-228162,Adou Thiero,adou thiero,A. Thiero,LAL,SA,SF,LAL@SA,3500.0,$3500,0.0,0.0,0.0,0.0,12.36,1.03,1.03,0.0,0.0,0.0,0.0,0.0,0.0,0.0,,1.0,1.0,17.0,0.22
125339-14503,Jonas Valanciunas,jonas valanciunas,J. Valanciunas,DEN,BOS,C,DEN@BOS,3500.0,$3500,0.0,0.0,0.0,0.0,12.36,1.01,1.01,0.0,0.0,0.0,0.0,0.0,0.0,0.0,114.2,1.0,0.99,225.0,0.23
125339-55062,Nikola Jokic,nikola jokic,N. Jokic,DEN,BOS,C,DEN@BOS,3500.0,$3500,0.0,0.0,0.0,0.0,12.36,1.01,1.01,0.0,0.0,0.0,0.0,0.0,0.0,0.0,114.2,1.0,0.99,,0.22
125339-110316,Cameron Johnson,cameron johnson,C. Johnson,DEN,BOS,SF/PF,DEN@BOS,3500.0,$3500,0.0,0.0,0.0,0.0,12.36,1.01,1.01,0.0,0.0,0.0,0.0,0.0,0.0,0.0,114.2,1.0,0.99,,0.22
125339-228123,Noa Essengue,noa essengue,N. Essengue,CHI,DET,PF,CHI@DET,3500.0,$3500,0.0,0.0,0.0,0.0,12.36,1.01,1.01,0.0,0.0,0.0,0.0,0.0,0.0,0.0,110.2,0.97,0.95,,0.22
125339-188474,Jacob Toppin,jacob toppin,J. Toppin,ATL,NO,SF,NO@ATL,3500.0,$3500,0.0,0.0,0.0,0.0,12.36,1.08,1.08,0.0,0.0,0.0,0.0,0.0,0.0,0.0,,1.0,1.0,8.0,0.22
125339-203781,N'Faly Dante,n faly dante,N. Dante,ATL,NO,C,NO@ATL,3500.0,$3500,0.0,0.0,0.0,0.0,12.36,1.08,1.08,0.0,0.0,0.0,0.0,0.0,0.0,0.0,,1.0,1.0,5.0,0.22
125339-66968,Derrick Jones Jr.,derrick jones,D. Jr.,LAC,NY,SF/PF,LAC@NY,3500.0,$3500,0.0,0.0,0.0,0.0,12.36,0.98,0.98,0.0,0.0,0.0,0.0,0.0,0.0,0.0,,1.0,1.0,362.0,0.2
125339-84724,Landry Shamet,landry shamet,L. Shamet,NYK,NY,SG,LAC@NY,3500.0,$3500,0.0,0.0,0.0,0.0,12.36,0.98,0.98,0.0,0.0,0.0,0.0,0.0,0.0,0.0,,1.0,1.0,150.0,0.21
125339-110320,Matisse Thybulle,matisse thybulle,M. Thybulle,POR,HOU,SF,HOU@POR,3500.0,$3500,0.0,0.0,0.0,0.0,12.36,0.97,0.97,0.0,0.0,0.0,0.0,0.0,0.0,0.0,112.9,0.99,0.98,7.0,0.22
125339-171750,Blake Wesley,blake wesley,B. Wesley,POR,HOU,PG,HOU@POR,3500.0,$3500,0.0,0.0,0.0,0.0,12.36,0.97,0.97,0.0,0.0,0.0,0.0,0.0,0.0,0.0,112.9,0.99,0.98,22.0,0.22
125339-23572,Taurean Prince,taurean prince,T. Prince,MIL,GS,SF,MIL@GS,3500.0,$3500,0.0,0.0,0.0,0.0,12.36,1.0,1.0,0.0,0.0,0.0,0.0,0.0,0.0,0.0,,1.0,1.0,,0.22
125339-111376,John Konchar,john konchar,J. Konchar,MEM,PHX,SF,PHO@MEM,3500.0,$3500,0.0,0.0,0.0,0.0,12.36,1.02,1.02,0.0,0.0,0.0,0.0,0.0,0.0,0.0,113.7,0.99,0.99,123.0,0.21
,Ron Holland II,ron holland,R. II,DET,CHI,,,4100.0,$4100,,,0.0,11.64,12.65,1.01,1.01,,,,,,,,117.6,1.02,1.03,,0.22
125339-188428,Scoot Henderson,scoot henderson,S. Henderson,POR,HOU,PG,HOU@POR,4000.0,$4000,,,0.0,0.0,12.06,0.97,0.97,,,,,,,,112.9,0.99,0.98,,0.22
,Gregory Jackson,gregory jackson,G. Jackson,MEM,PHX,,,4000.0,$4000,,,0.0,18.0,13.08,1.02,1.02,,,,,,,,113.7,0.99,0.99,,0.22
,Sviatoslav Mykhailiuk,sviatoslav mykhailiuk,S. Mykhailiuk,UTA,,,,3900.0,$3900,,,0.0,21.0,13.31,1.05,1.05,,,,,,,,,1.0,1.0,,0.22
125339-189468,Colin Castleton,colin castleton,C. Castleton,ORL,BKN,C,ORL@BKN,3500.0,$3500,,,0.0,0.0,12.36,0.97,0.97,,,,,,,,116.0,1.01,1.01,,0.22
125339-110318,Grant Williams,grant williams,G. Williams,CHA,TOR,PF,TOR@CHA,3500.0,$3500,,,0.0,0.0,12.36,1.01,1.01,,,,,,,,111.8,0.98,0.97,,0.22
125339-23156,Georges Niang,georges niang,G. Niang,UTA,,PF,UTA@OKC,3500.0,$3500,,,0.0,0.0,12.36,1.05,1.05,,,,,,,,,1.0,1.0,,0.22
125339-213217,Malevy Leons,malevy leons,M. Leons,OKC,,PF,MIL@GS,3500.0,$3500,,,0.0,3.19,12.53,1.05,1.05,,,,,,,,,1.0,1.0,,0.22
125339-180484,Stanley Umude,stanley umude,S. Umude,SAS,SA,SG,LAL@SA,3500.0,$3500,,,0.0,1.64,12.45,1.03,1.03,,,,,,,,,1.0,1.0,,0.22
,David Jones,david jones,D. Jones,SAS,SA,,,3500.0,$3500,,,0.0,1.83,12.46,1.03,1.03,,,,,,,,,1.0,1.0,,0.22
125339-203791,Nikola Durisic,nikola durisic,N. Durisic,ATL,NO,SF,NO@ATL,3500.0,$3500,,,0.0,2.29,12.48,1.08,1.08,,,,,,,,,1.0,1.0,,0.22
125339-171768,TyTy Washington Jr.,tyty washington,T. Jr.,LAC,NY,PG,LAC@NY,3500.0,$3500,,,0.0,5.49,12.66,0.98,0.98,,,,,,,,,1.0,1.0,,0.22
,Justin Minaya,justin minaya,J. Minaya,ORL,BKN,,,,,,,0.0,3.71,12.56,0.97,0.97,,,,,,,,116.0,1.01,1.01,,0.22
,Lester Quinones,lester quinones,L. Quinones,ORL,BKN,,,,,,,0.0,7.99,12.8,0.97,0.97,,,,,,,,116.0,1.01,1.01,,0.22
,Kobe Bufkin,kobe bufkin,K. Bufkin,BKN,ORL,,,,,,,0.0,3.67,12.56,0.97,0.97,,,,,,,,112.8,0.99,0.98,,0.22
,Reece Beekman,reece beekman,R. Beekman,ORL,BKN,,,,,,,0.0,7.82,12.79,0.97,0.97,,,,,,,,116.0,1.01,1.01,,0.22
,Spencer Dinwiddie,spencer dinwiddie,S. Dinwiddie,CHA,TOR,,,,,,,0.0,13.34,13.11,1.01,1.01,,,,,,,,111.8,0.98,0.97,,0.22
,Olivier Sarr,olivier sarr,O. Sarr,TOR,CHA,,,,,,,0.0,2.01,12.47,1.01,1.01,,,,,,,,117.7,1.02,1.03,,0.22
,David Roddy,david roddy,D. Roddy,TOR,CHA,,,,,,,0.0,2.93,12.52,1.01,1.01,,,,,,,,117.7,1.02,1.03,,0.22
,Ulrich Chomche,ulrich chomche,U. Chomche,TOR,CHA,,,,,,,0.0,1.42,12.44,1.01,1.01,,,,,,,,117.7,1.02,1.03,,0.22
,Kevin Knox,kevin knox,K. Knox,CHI,DET,,,,,,,0.0,4.36,12.6,1.01,1.01,,,,,,,,110.2,0.97,0.95,,0.22
,Yuki Kawamura,yuki kawamura,Y. Kawamura,CHI,DET,,,,,,,0.0,6.49,12.72,1.01,1.01,,,,,,,,110.2,0.97,0.95,,0.22
,Alex Len,alex len,A. Len,NYK,NY,,,,,,,0.0,4.09,12.58,0.98,0.98,,,,,,,,,1.0,1.0,,0.22
,Matt Ryan,matt ryan,M. Ryan,NYK,NY,,,,,,,0.0,0.97,12.41,0.98,0.98,,,,,,,,,1.0,1.0,,0.22
,Patrick Baldwin,patrick baldwin,P. Baldwin,LAC,NY,,,,,,,0.0,4.29,12.59,0.98,0.98,,,,,,,,,1.0,1.0,,0.22
,Kevon Harris,kevon harris,K. Harris,HOU,POR,,,,,,,0.0,4.0,12.58,0.97,0.97,,,,,,,,116.2,1.01,1.02,,0.22
,Tyler Smith,tyler smith,T. Smith,MIL,GS,,,,,,,0.0,3.66,12.56,1.0,1.0,,,,,,,,,1.0,1.0,,0.22
,Jackson Rowe,jackson rowe,J. Rowe,GSW,GS,,,,,,,0.0,3.26,12.54,1.0,1.0,,,,,,,,,1.0,1.0,,0.22
,Alex Toohey,alex toohey,A. Toohey,GSW,GS,,,,,,,0.0,3.0,12.52,1.0,1.0,,,,,,,,,1.0,1.0,,0.22
,Jared Butler,jared butler,J. Butler,PHX,MEM,,,,,,,0.0,11.02,12.97,1.02,1.02,,,,,,,,114.0,1.0,0.99,,0.22
,David Duke Jr.,david duke,D. Jr.,PHX,MEM,,,,,,,0.0,2.44,12.49,1.02,1.02,,,,,,,,114.0,1.0,0.99,,0.22
,Damion Baugh,damion baugh,D. Baugh,PHX,MEM,,,,,,,0.0,9.35,12.88,1.02,1.02,,,,,,,,114.0,1.0,0.99,,0.22
